INFLUENCER_NAME,PLATFORM,FOLLOWERS,LIKES,COMMENTS,SHARES,IMPRESSIONS,CLICKS,CONVERSIONS,CAMPAIGN_COST,REVENUE,CONTENT_TYPE,CAMPAIGN_DATE,ENGAGEMENT_RATE,ROI,CONVERSION_RATE,INFLUENCER_SCORE
PriyaVibes,Tiktok,3330000,29221,0,9381,4512699,4732,763,82056.5,3493194,Stream Highlight,04-03-2025,2922100.282,349319300,16.12426036,210760420.1
SnehaDance.xo,Instagram,3881107,108622,0,14523,0,8211,0,29328,0,Reels+Post,03-07-2025,10862200.37,-100,0,4344820.15
SnehaDance_official,YouTube,1854000,71653,4961,14108,0,46566,0,45712,1250813,Stream Highlight,03-02-2025,7661400.761,125081200,0,78113280.3
GamerVikram.xo,YouTube,1966164,45133,468,4374,1313844,46954,147,10248,680997,Long Video,03-02-2025,4560100.222,68099600,0.313072369,42683800.09
NehaFoodie ,Instagram,1338074,20469,874,801,6200000,48137,276,82056.5,1344136,Highlight,03-02-2025,2134300.06,134413500,0.573363525,81501820.02
SnehaDance,Facebook,1558000,38038,981,2905,5000000,20161,0,90352,0,Carousell,03-04-2025,3901900.186,-100,0,1560700.075
ANANYAVLOGSINSTA ,Instagram,3901537,117953,2961,7748,6800000,59097,1479,82056.5,4033767,carousel ,08-01-2025,12091400.2,403376600,2.50266511,246862520.1
RahulGamerQueen,YouTube,3832134,98654,753,0,8113794,13346,1600,82056.5,750708,Story,03-01-2025,9940700,75070700,11.98861082,49018700
KabirTechVlogs,YouTube,4497498,101074,2333,652,7951000,17831,918,82056.5,1941369,reel,03-01-2025,10340700.01,194136800,5.148337166,120618360
SnehaDanceFitness,Facebook,1165070,35855,4393,5932,0,30993,2598,272965,2438375,shorts,03-01-2025,4024800.509,243837400,8.382537992,147912360.2
KaranFitnessDanceee,Linkedin,715526,107707,0,13515,6800000,59643,1431,79438,0,Post,03-01-2025,10770701.89,-100,2.39927569,4308220.756
GamerVikram,YouTube,2767000,54724,6222,6595,6400000,59725,1024,82056.5,0,Highlight,03-01-2025,6094600.238,-100,1.714524906,2437780.095
NEHAFOODIEDANCEEE ,YouTube,2410000,48719,1547,4939,0,12068,0,82056.5,2683891,Stories,03-01-2025,5026600.205,268389000,0,163044040.1
NehaFoodieQueen,Instagram,600000,10990,0,12432,7643000,16985,1016,163308,0,Reel+Post,03-01-2025,1099002.072,-100,5.981748602,439540.8288
FitAnkitVlogs,Linkedin,2891686,30908,3504,0,0,52729,0,82056.5,2511070,Long Video,03-01-2025,3441200,251106900,0,152040620
NehaFoodie ,YouTube,1487480,12657,2416,1967,7300000,3893,2310,155787,0,0,03-06-2025,1507300.132,-100,59.33727203,602860.0529
RiyaMakeupVlogs,YouTube,694527,0,0,4671,5900000,17017,1911,127048,3014989,Reel ,03-09-2025,0.672544048,301498800,11.22994652,180899280.3
TechBitArvindDanceee,YouTube,1137530,115834,5477,16489,2425000,47917,1918,118581,2229274,Long Video,03-09-2025,12131101.45,222927300,4.002754763,138608820.6
KABIRTECH_OFFICIAL ,Instagram,1638000,93274,248,10484,5071000,54792,654,307800,1308116,0,12-03-2025,9352200.64,130811500,1.193604906,82227780.26
KaranFitness_official,Tiktok,372761,35171,1562,1756,1397000,23973,0,308215,420041,Highlight,03-08-2025,3673300.471,42004000,0,26671720.19
MeeraBeautyInsta,TikTok,432000,32736,5168,15259,2000000,4222,1537,57348,4439686,Short,03-02-2025,3790403.532,443968500,36.40454761,267897261.4
RituFood07,TikTok,2207000,63419,918,15371,0,49985,673,223254,0,Short,06-01-2025,6433700.696,-100,1.346403921,2573420.279
POOJALIFESTYLEFITNESS ,YouTube,2840000,38872,0,16788,6698814,52654,2140,261117,2236586,Short,06-01-2025,3887200.591,223658500,4.064268622,135749980.2
TanyaDanceInsta,Instagram,5080000,49157,1474,10448,3026654,52240,1294,82056.5,635074,Reel ,03-05-2025,5063100.206,63507300,2.477029096,40129620.08
AmitCricket_official,Facebook,4748981,91493,4053,9857,4460707,54440,1915,82056.5,674343,Reels+Post ,03-07-2025,9554600.208,67434200,3.517634093,44282360.08
MansiBeautyQueen,Facebook,3322000,45202,6004,9811,3274415,7703,0,177752,3237677,Long Video,03-03-2025,5120600.295,323767600,0,196308800.1
SnehaDanceDanceee,Tiktok,1600324,26309,0,9508,0,13170,529,17134,3586944,shorts,03-03-2025,2630900.594,358694300,4.016704632,216268940.2
ArjunVlogs ,TikTok,3412000,0,0,7311,0,2378,0,176702,2839530,Stories,04-03-2025,0.214273154,283952900,0,170371740.1
ANANYAVLOGSVLOGS ,Facebook,655039,0,4179,18004,4171452,31596,1161,82056.5,0,Stories,04-03-2025,417902.7485,-100,3.674515761,167101.0994
KaranFitnessInsta,Instagram,4251241,82383,4363,10671,7000000,36793,854,175539,0,story+reel,04-03-2025,8674600.251,-100,2.321093686,3469780.1
TanyaDance.xo,YouTube,2359000,67230,0,15272,3700000,28331,529,283247,1896926,Reel ,03-04-2025,6723000.647,189692500,1.867212594,116504700.3
SnehaDanceDanceee,Linkedin,1391000,46503,3727,12357,7880000,25833,1384,31277,2232029,Highlight,03-06-2025,5023000.888,223202800,5.357488484,135930880.4
SaraTravelDiariesVlogs,Instagram,5033000,91745,1530,363,2131721,52142,2657,82056.5,0,Reels+Post ,03-02-2025,9327500.007,-100,5.095700203,3730940.003
MeeraBeauty07,YouTube,679000,0,0,14529,1989000,50068,0,92803,0,Short,03-02-2025,2.139764359,-100,0,-59.14409426
PoojaLifestyleQueen,Youtube,1042871,64765,5287,16968,700000,21183,1941,153170,2994654,Story+Reel,02-03-2025,7005201.627,299465300,9.163008073,182481260.7
RajTravel_official,YouTube,4604553,0,576,4892,6159000,15278,1282,82056.5,261326,Live Stream,03-12-2025,57600.10624,26132500,8.391150674,15702540.04
SARATRAVELDIARIES.XO ,Facebook,1290000,104602,0,13584,0,18271,2123,45302,1856682,reel,03-12-2025,10460201.05,185668100,11.61950632,115584940.4
MeeraBeauty.xo,Instagram,2325000,28190,3960,2284,0,3834,582,314801,0,Post,03-03-2025,3215000.098,-100,15.1799687,1285940.039
RohanFitness.xo,Instagram,1900000,9957,0,14065,4518000,21362,2721,82056.5,3027665,Short,03-03-2025,995700.7403,302766400,12.73757139,182058120.3
SaraTravelDiariesFitness,Facebook,3056163,55332,4258,7587,4743000,6560,822,82056.5,0,Video,03-05-2025,5959000.248,-100,12.5304878,2383540.099
FitAnkit ,Facebook,2115440,18339,373,0,3083000,41656,835,82056.5,0,Reel  ,03-05-2025,1871200,-100,2.004513155,748420
PriyaVibes,Instagram,1056406,49320,3044,6304,5063092,4596,1494,82056.5,0,Carousel,03-01-2025,5236400.597,-100,32.50652742,2094500.239
RAJTRAVEL_OFFICIAL ,Instagram,240000,0,2784,15662,0,23803,1990,82056.5,3259831,Post,03-01-2025,278406.5258,325983000,8.36029072,195701162.6
PriyaVibes07,TikTok,3436683,55085,2267,5939,5469000,33105,2279,149890,0,Post,03-01-2025,5735200.173,-100,6.884156472,2294020.069
MansiBeauty07,Instagram,660000,44647,5762,13101,3301000,27174,143,82056.5,0,0,03-01-2025,5040901.985,-100,0.526238316,2016300.794
TechBitArvindInsta,Tiktok,2381371,96482,2032,15561,5000000,31127,233,276042,3460452,Reels+Post ,03-09-2025,9851400.653,346045100,0.748546278,211567620.3
AnanyaVlogs.xo,Tiktok,218308,93627,706,0,6200000,35859,1712,331091,0,Post,03-09-2025,9433300,-100,4.77425472,3773260
GamerVikramFitness,Instagram,3447000,19378,0,13847,7200000,22915,0,212993,798833,Reel+Post ,03-09-2025,1937800.402,79883200,0,48705040.16
MeeraBeautyFitness,YouTube,1410000,105400,1123,7495,3200000,58130,2805,179618,0,story+reel,03-09-2025,10652300.53,-100,4.825391364,4260860.213
SaraTravelDiaries.xo,YouTube,1869395,72351,0,16716,7117000,25946,849,55280,3292070,Stream Highlight,03-05-2025,7235100.894,329206900,3.272180683,200418180.4
AmitCricket_official,Tiktok,2353313,11678,5727,2994,0,17701,0,206793,1503460,story+reel,03-12-2025,1740500.127,150345900,0,90903740.05
TechBitArvindQueen,Instagram,3973189,79372,4260,7808,2975832,24959,668,76654,2282655,Stream Highlight,03-07-2025,8363200.197,228265400,2.676389278,140304520.1
AnanyaVlogs ,Instagram,3880000,61051,4787,15740,5363000,8206,63,41905,845565,Short,03-09-2025,6583800.406,84556400,0.767730929,53367360.16
RajTravelFitness,Youtube,2740000,77137,1165,759,6419000,47376,1599,14503,4016604,reel,03-11-2025,7830200.028,401660300,3.375126646,244128260
MEERABEAUTY  ,TikTok,3903816,43659,304,18450,2016000,17857,1058,146245,1572140,Reels+Post,03-04-2025,4396300.473,157213900,5.924847399,96086860.19
ShaliniFashion ,Facebook,991000,93043,1082,15577,2800000,36532,1311,82056.5,3465993,Post,03-11-2025,9412501.572,346599200,3.588634622,211724520.6
SnehaDance07,Instagram,4390000,0,0,10698,6729238,41939,1436,328644,3430446,story+reel,03-11-2025,0.243690205,343044500,3.424020601,205826700.1
SaraTravelDiaries.xo,Facebook,972981,0,2225,0,1112000,2708,0,93626,0,shorts,03-11-2025,222500,-100,0,88940
SnehaDance,Instagram,1440000,49715,155,4997,1000000,33734,712,216459,4294131,Video,03-11-2025,4987000.347,429413000,2.110630225,259642600.1
AnanyaVlogs.xo,Facebook,1574907,31228,3242,11229,3033170,24999,0,82056.5,0,Stories,03-11-2025,3447000.713,-100,0,1378740.285
RituFoodDanceee,YouTube,2338423,71316,642,12688,0,37590,321,201266,0,story+reel,05-03-2025,7195800.543,-100,0.853950519,2878260.217
NehaFoodieDanceee,Instagram,4571849,0,1171,11276,6701036,27642,0,82056.5,3085912,Reel+Post,03-02-2025,117100.2466,308591100,0,185201500.1
AnanyaVlogsQueen,Facebook,5160000,124107,0,13796,0,2929,2511,312780,0,shorts,03-02-2025,12410700.27,-100,85.72891772,4964220.107
ShaliniFashion_official,Facebook,57000,20349,5226,17324,1142000,31762,1502,9598,2453471,Reel+Post,12-01-2025,2557530.393,245347000,4.728921353,148231212.2
AMITCRICKETDANCEEE ,TikTok,2821046,57218,0,6133,6949572,25476,2338,82056.5,4208509,Carousel,12-01-2025,5721800.217,420850800,9.177264877,254799200.1
ArjunVlogsInsta,YouTube,1995999,108366,3469,16055,1989769,5808,0,82056.5,0,reel,03-06-2025,11183500.8,-100,0,4473340.322
KabirTechDanceee,Instagram,4612000,0,0,10783,5708000,14538,313,82056.5,0,Reels+Post,03-06-2025,0.233803122,-100,2.152978401,-59.90647875
SHALINIFASHIONQUEEN ,Instagram,1145813,1855,0,14958,5300000,7494,0,256181,0,Post,03-08-2025,185501.3054,-100,0,74140.52218
MansiBeautyQueen,YouTube,1910000,99480,0,7590,0,19009,2806,324071,340183,Long Video,03-08-2025,9948000.397,34018200,14.7614288,24390120.16
PriyaVibesVlogs,Tiktok,3308045,14940,2293,9206,8022000,13234,2075,219484,4471344,Reel  ,03-08-2025,1723300.278,447134300,15.67931087,268969900.1
VikramTech_official,YouTube,2952000,0,1936,17038,1500000,41758,2567,82056.5,2559991,Video,03-07-2025,193600.5772,255999000,6.147325063,153676840.2
VikramTechQueen,Instagram,4698000,102664,0,3353,0,1045,1741,82056.5,909283,Reel ,03-07-2025,10266400.07,90928200,166.6028708,58663480.03
KabirTechDanceee,Youtube,980000,118238,0,3588,0,43656,1244,255979,0,NaN ,03-07-2025,11823800.37,-100,2.849551035,4729460.146
PRIYAVIBESVLOGS ,Facebook,2140000,86265,0,3312,3000000,20551,2005,82056.5,3870352,carousel ,03-07-2025,8626500.155,387035100,9.756216243,235671660.1
KabirTechDanceee,Linkedin,1848000,102559,240,0,988757,50236,2363,331336,3621781,Post,03-08-2025,10279900,362178000,4.703798073,221418760
MeeraBeauty.xo,Facebook,4180000,93888,0,18409,4368053,26772,2629,66462,1513240,Reel ,03-06-2025,9388800.44,151323900,9.819961153,94549860.18
ArjunVlogs_official,Facebook,2916017,48982,0,0,6447292,52491,2563,155098,3809209,reel,03-01-2025,4898200,380920800,4.882741803,230511760
SiddharthTravel ,Instagram,3020442,7926,0,8384,5904000,51914,433,36409,0,Reels+Post,03-01-2025,792600.2776,-100,0.834071734,316980.111
TanyaDanceDanceee,Instagram,224516,33350,2328,8752,2900000,39888,1745,206694,1179690,Reel ,03-01-2025,3567803.898,117968900,4.374749298,72208461.56
SaraTravelDiaries07,Linkedin,2880690,21240,0,894,0,33498,0,79236,0,Carousell,03-11-2025,2124000.031,-100,0,849540.0124
ArjunVlogsQueen,Facebook,4330077,30369,0,9485,0,15330,2585,285872,3676859,reel,03-11-2025,3036900.219,367685800,16.86236138,221826240.1
TechBitArvindFitness,Instagram,1160000,0,0,3060,800000,2743,940,197439,0,long video,03-03-2025,0.263793103,-100,34.26904849,-59.89448276
RituFoodVlogs,Linkedin,1773095,92779,0,11852,7182611,30702,0,82625,2286227,Carousell,03-02-2025,9277900.668,228622600,0,140884720.3
MEERABEAUTY_OFFICIAL ,Instagram,3016927,28382,2800,11587,5100000,12600,1914,307324,3922201,Reels+Post,03-07-2025,3118200.384,392220000,15.19047619,236579280.2
RahulGamer07,Facebook,448000,26297,5453,10186,3284000,57518,562,177495,887327,shorts,03-07-2025,3175002.274,88732600,0.977085434,54509560.91
PoojaLifestyleFitness,Youtube,3304854,43827,5511,11337,4302000,31283,2556,225443,0,Short,03-08-2025,4933800.343,-100,8.170571876,1973460.137
DeepakMotivationFitness,Tiktok,2700000,14951,1752,6194,2220000,25130,0,82056.5,910865,Story+Reel,08-03-2025,1670300.229,91086400,0,55319960.09
GamerVikramInsta,Linkedin,4123463,98369,0,1067,6449080,48963,600,143782,0,Live Stream,08-03-2025,9836900.026,-100,1.225415109,3934700.01
RahulGamer_official,Instagram,130000,85038,4868,0,4800000,61607,361,34996,0,Story+Reel,08-03-2025,8990600,-100,0.585972373,3596180
DeepakMotivation,Instagram,2830000,0,5512,8722,8076178,2821,138,8025,189812,shorts,03-10-2025,551200.3082,18981100,4.891882311,11609140.12
ShaliniFashionFitness,YouTube,40000,33311,552,7336,2500000,4209,2840,195681,1197425,Stream Highlight,03-12-2025,3386318.34,119742400,67.47445949,73199967.34
DeepakMotivation07,Facebook,1309116,29952,0,0,3900000,1945,0,327501,1550721,Stream Highlight,03-04-2025,2995200,155072000,0,94241280
POOJALIFESTYLE.XO ,Tiktok,4025023,20022,923,700,3755037,34094,2624,82056.5,0,story+reel,03-01-2025,2094500.017,-100,7.696368863,837740.007
RiyaMakeup,Youtube,2550000,94763,5549,0,5400000,54135,2322,41677,1667047,0,03-03-2025,10031200,166704600,4.289276808,104035240
VikramTechInsta,Instagram,4685409,72046,2520,15710,1107449,5509,2102,105478,2275670,Reel+Post,03-07-2025,7456600.335,227566900,38.15574514,139522780.1
AnanyaVlogsDanceee,Facebook,1530524,109129,486,1079,726000,61256,1798,91146,0,long video,03-04-2025,10961500.07,-100,2.935222672,4384540.028
DeepakMotivationQueen,Facebook,2680000,24321,6121,13408,4564000,49116,0,82056.5,331991,Reel ,03-06-2025,3044200.5,33199000,0,21137080.2
RajTravel_official,Instagram,56000,40940,2527,3113,0,15387,2280,82056.5,1499097,Reels+Post,03-06-2025,4346705.559,149909600,14.81770326,91684442.22
MansiBeautyQueen,YouTube,4250000,93000,2345,9767,0,31340,395,82056.5,0,Reel ,03-10-2025,9534500.23,-100,1.260370134,3813740.092
SaraTravelDiaries.xo,Instagram,2052436,37184,1748,13393,5228543,32488,1558,114474,0,story+reel,03-10-2025,3893200.653,-100,4.795616843,1557220.261
RahulGamer07,Tiktok,3280000,0,4165,12688,2738108,61611,2794,82056.5,3350083,carousel ,03-08-2025,416500.3868,335008200,4.534904481,201171520.2
MeeraBeauty.xo,Tiktok,4200000,60420,4707,5260,4182037,36237,638,169748,0,Reel+Post,03-08-2025,6512700.125,-100,1.760631399,2605020.05
RajTravelQueen,Youtube,3990000,29539,5132,7378,2955000,55624,0,334931,2235464,Short,03-08-2025,3467100.185,223546300,0,135514620.1
VikramTech,YouTube,3347807,121215,3821,1368,2800000,14346,0,82056.5,343597,Reel+Post,03-08-2025,12503600.04,34359600,0,25617200.02
PriyaVibesFitness,Instagram,406247,33138,5876,12207,7410000,48887,0,155310,0,Story,03-01-2025,3901403.005,-100,0,1560501.202
MansiBeautyFitness,Instagram,3250466,80692,3754,9814,1800000,58303,2189,82056.5,346412,Stream Highlight,01-03-2025,8444600.302,34641100,3.754523781,24162500.12
ARJUNVLOGS07 ,Instagram,39687,106754,3281,9585,3453129,8648,1583,181532,0,Stream Highlight ,03-04-2025,11003524.15,-100,18.30481036,4401349.661
ShaliniFashion07,YouTube,868000,83775,554,0,4400000,41804,868,159037,4162680,Reel+Post,03-04-2025,8432900,416267900,2.07635633,253133900
RAJTRAVEL  ,Linkedin,4447436,96162,0,0,5358000,3569,0,93354,759594,Reel ,03-04-2025,9616200,75959300,0,49422060
PriyaVibes,Facebook,4990000,0,6426,7666,900000,12918,1128,245391,1696621,Video,03-01-2025,642600.1536,169662000,8.732001858,102054240.1
FitAnkit_official,Tiktok,2703510,74199,3734,10182,4405000,24413,2838,74213,3006003,long video,03-07-2025,7793300.377,300600200,11.62495392,183477440.2
TanyaDanceVlogs,YouTube,2080983,79681,440,3503,1773210,17449,1843,28553,3272322,Reel ,03-12-2025,8012100.168,327232100,10.56220987,199544100.1
RituFood.xo,YouTube,4365694,110156,2068,11375,3300000,41949,1836,197290,487247,long video,03-12-2025,11222400.26,48724600,4.376743188,33723720.1
TechBitArvindQueen,YouTube,3777316,73909,213,15943,1318796,32561,0,183379,0,shorts,03-09-2025,7412200.422,-100,0,2964820.169
SnehaDance07,Tiktok,5050144,72680,1326,4724,0,39441,1722,100950,0,Short,03-02-2025,7400600.094,-100,4.36601506,2960180.037
DEEPAKMOTIVATIONFITNESS ,Facebook,828731,67559,878,7617,2100000,50314,82,293918,3816120,Post,03-02-2025,6843700.919,381611900,0.162976508,231704620.4
TechBitArvindFitness,Tiktok,2331407,83402,0,0,6999507,56788,2713,234187,4456966,Live Stream,03-07-2025,8340200,445696500,4.777417764,270753980
RiyaMakeup_official,YouTube,2160000,91773,0,17361,3642000,27880,0,57657,2654150,Post,03-07-2025,9177300.804,265414900,0,162919860.3
SaraTravelDiaries_official,YouTube,3925629,62140,3571,1624,0,56923,206,82056.5,2259942,shorts ,03-01-2025,6571100.041,225994100,0.361892381,138224900
DeepakMotivation,Facebook,1630000,114600,0,15399,4600000,20227,2252,36914,1312236,Reels+Post,03-01-2025,11460000.94,131223500,11.13363326,83318100.38
AnanyaVlogs_official,Facebook,903848,68435,1854,8839,3013000,58455,1521,63498,2313716,Live Stream,03-01-2025,7028900.978,231371500,2.60200154,141634460.4
ArjunVlogs_official,YouTube,232720,0,5526,14177,5308441,20090,1861,64821,0,carousel ,03-01-2025,552606.0919,-100,9.263315082,220982.4367
AnanyaVlogs ,Facebook,4028913,81559,2427,13272,907198,18199,2255,82056.5,0,0,03-01-2025,8398600.329,-100,12.3907907,3359380.132
PriyaVibes_official,Tiktok,2663000,108420,0,13270,623000,6209,884,258973,1262947,reel,03-01-2025,10842000.5,126294600,14.23739733,80113560.2
RohanFitness.xo,Facebook,1000000,34848,941,8806,2952665,35313,0,330331,0,story+reel ,03-01-2025,3578900.881,-100,0,1431500.352
RIYAMAKEUPINSTA ,Instagram,287808,77624,4861,13674,3086726,26228,1385,183296,1467284,NaN ,03-11-2025,8248504.751,146728300,5.280616135,91336381.9
KabirTech.xo,Linkedin,3100000,29278,4437,3801,3900000,16084,0,82056.5,2778088,Stories,03-06-2025,3371500.123,277808700,0,168033820
SnehaDanceInsta,Instagram,937624,117634,1068,14004,2813000,29381,1395,268604,3384979,shorts,03-09-2025,11870201.49,338497800,4.747966373,207846760.6
RajTravelDanceee,YouTube,920000,27042,3293,16927,2418900,19652,0,222293,217854,carousel ,03-09-2025,3033501.84,21785300,0,14284580.74
PoojaLifestyleQueen,YouTube,1053253,22947,5710,14962,5837000,14820,42,138189,3615039,Live Stream,03-09-2025,2865701.421,361503800,0.28340081,218048560.6
PoojaLifestyleInsta,Instagram,2165190,10054,0,0,600000,12594,2633,82056.5,873357,Story+Reel,03-11-2025,1005400,87335600,20.90678101,52803520
TechBitArvindDanceee,Youtube,2215672,45539,4014,0,4691220,38767,989,82056.5,0,Reel ,03-12-2025,4955300,-100,2.551138855,1982060
RahulGamerQueen,Facebook,2194420,96194,2569,0,8000000,19944,539,82056.5,2918495,Highlight,03-02-2025,9876300,291849400,2.702567188,179060160
KaranFitnessVlogs,Instagram,4860000,10053,6100,17965,0,20975,207,238212,0,story+reel,03-02-2025,1615300.37,-100,0.986889154,646060.1479
RahulGamer07,YouTube,889551,52582,0,3490,5951000,25693,2671,82056.5,0,Live Stream,03-02-2025,5258200.392,-100,10.39582766,2103220.157
TanyaDanceDanceee,Instagram,1130000,110081,0,16671,5775182,7546,2594,82056.5,0,Video,03-02-2025,11008101.48,-100,34.37582825,4403180.59
PoojaLifestyle_official,TikTok,2820000,17928,1089,0,5908793,19852,0,108788,2652469,reel,03-02-2025,1901700,265246800,0,159908760
MansiBeauty.xo,YouTube,3788000,67972,0,0,1800000,28317,250,32885,3619331,Carousel,03-02-2025,6797200,361933000,0.882861885,219878680
RiyaMakeupVlogs,Tiktok,4721000,24911,2199,0,0,25950,0,111842,0,Long Video,03-12-2025,2711000,-100,0,1084340
TanyaDance,Youtube,3347270,104029,836,11315,3230305,34898,0,82056.5,2115872,Reel ,03-02-2025,10486500.34,211587100,0,131146860.1
PriyaVibes_official,Instagram,3314554,52445,0,17153,4001534,38415,2033,189025,1944060,Highlight,06-03-2025,5244500.518,194405900,5.292203566,118741340.2
VikramTech.xo,Instagram,4193000,20461,5087,11428,0,37721,2120,82056.5,3162423,Highlight,06-03-2025,2554800.273,316242200,5.620211553,190767240.1
FitAnkitInsta,Tiktok,1710000,108000,2451,0,7319000,12585,2559,11646,1572839,0,03-03-2025,11045100,157283800,20.33373063,98788320
KabirTechQueen,TikTok,1742000,14798,3219,2278,1098944,16484,1867,302852,2278529,Post,03-03-2025,1801700.131,227852800,11.32613443,137432360.1
GamerVikram_official,Instagram,2272351,84237,6310,0,7605431,3687,306,82056.5,2062131,Stories,03-03-2025,9054700,206213000,8.299430431,127349680
SaraTravelDiaries,Linkedin,4898000,80406,5412,0,7700000,60147,1483,35598,0,Video,03-03-2025,8581800,-100,2.465625883,3432660
KaranFitness07,Tiktok,320000,71951,4776,0,3933000,4182,2378,341054,3290676,story+reel,03-01-2025,7672700,329067500,56.8627451,200509580
KabirTechDanceee,Tiktok,1923000,63702,3074,0,6000000,4823,2068,159638,2529197,Carousel,03-01-2025,6677600,252919600,42.87787684,154422800
KaranFitness.xo,Tiktok,3440000,0,0,2748,1510000,45352,0,249883,393640,Story+Reel,03-01-2025,0.079883721,39363900,0,23618340.03
AmitCricket,YouTube,3371946,108520,2072,9232,3012497,26591,0,82056.5,871518,Long Video,03-02-2025,11059200.27,87151700,0,56714700.11
SnehaDanceVlogs,Instagram,3812742,111034,2320,11940,7537000,20656,0,181400,1640177,Carousel,03-03-2025,11335400.31,164017600,0,102944720.1
SiddharthTravelQueen,Instagram,1675212,81601,0,6838,2000000,23900,1353,91972,982559,Carousell,03-03-2025,8160100.408,98255800,5.661087866,62217520.16
KabirTech07,YouTube,2759584,36736,0,1385,8358000,30633,0,297323,3399830,Reel ,03-03-2025,3673600.05,339982900,0,205459180
RajTravel.xo,Instagram,1476000,24643,5423,0,0,49313,0,82056.5,3485195,Reels+Post,03-03-2025,3006600,348519400,0,210314280
ArjunVlogs07,YouTube,3544000,93198,4515,0,7181000,14939,1050,82056.5,0,Live Stream ,03-02-2025,9771300,-100,7.028582904,3908460
ArjunVlogs_official,YouTube,4707013,103768,2023,15702,6674000,56649,2100,150358,2719289,Short,01-01-2025,10579100.33,271928800,3.707038077,167388920.1
TechBitArvindVlogs,Instagram,2730000,85797,1389,695,4898301,47582,1026,212290,0,Story,01-01-2025,8718600.025,-100,2.156277584,3487380.01
ROHANFITNESS ,Facebook,3151649,8621,0,0,3600000,56574,1243,82056.5,1368718,Stories,04-01-2025,862100,136871700,2.197122353,82467860
AmitCricket07,Instagram,2093000,44432,6181,6040,885000,20909,818,316827,0,reel,03-09-2025,5061300.289,-100,3.912190923,2024460.115
SiddharthTravel_official,Facebook,1140000,67817,0,13130,0,46120,795,146370,0,Short,03-09-2025,6781701.152,-100,1.723764094,2712620.461
PoojaLifestyleDanceee,Instagram,5177113,118687,3507,8623,8200000,40567,715,82056.5,1309577,Reel ,03-11-2025,12219400.17,130957600,1.762516331,83462320.07
SHALINIFASHION ,Facebook,3950918,95033,5256,16693,1200000,33780,0,250846,0,Reel+Post,03-10-2025,10028900.42,-100,0,4011500.169
AmitCricketVlogs,Facebook,2225000,90036,3468,4655,5664000,31734,0,134372,2521620,Reel ,03-11-2025,9350400.209,252161900,0,155037300.1
KARANFITNESSFITNESS ,TikTok,1153172,74284,0,10435,0,31130,2716,157455,899077,Live Stream,03-02-2025,7428400.905,89907600,8.724702859,56915920.36
RiyaMakeupInsta,Linkedin,2560000,70449,5325,14428,7196000,40895,1429,231235,0,Post ,03-05-2025,7577400.564,-100,3.494314708,3030900.225
PRIYAVIBES.XO ,TikTok,4384000,55922,5012,4839,4738535,44124,2541,140907,0,Short,03-05-2025,6093400.11,-100,5.758770737,2437300.044
RajTravelInsta,Linkedin,799000,100147,4728,15945,6600000,7784,0,91632,4189278,reel,03-09-2025,10487502,418927700,0,255551620.8
TechBitArvindDanceee,Instagram,3873000,121588,0,0,5799488,24433,2436,242389,0,Story+Reel,03-09-2025,12158800,-100,9.970122375,4863460
MeeraBeautyQueen,Instagram,536000,107045,5474,0,7268000,48601,1369,82056.5,357740,Long Video,03-09-2025,11251900,35773900,2.816814469,25965100
PriyaVibes,Facebook,3500000,21684,6491,17966,0,56778,1711,82056.5,0,reel,03-04-2025,2817500.513,-100,3.013491141,1126940.205
VikramTechFitness,Instagram,708000,37102,1057,0,0,2296,2214,329462,2938881,Carousel ,03-04-2025,3815900,293888000,96.42857143,177859160
SiddharthTravelDanceee,Facebook,1534805,87826,4014,853,6975144,31651,425,170558,0,long video,03-06-2025,9184000.056,-100,1.342769581,3673540.022
TanyaDance.xo,Facebook,4780000,0,982,10995,4300000,16590,2225,303436,1827023,0,03-06-2025,98200.23002,182702200,13.41169379,109660600.1
AnanyaVlogsVlogs,Facebook,4326989,69874,5644,3428,3000000,21240,2495,82056.5,405795,Stories,03-07-2025,7551800.079,40579400,11.74670433,27368360.03
SiddharthTravelVlogs,Linkedin,1110000,98326,2472,15041,7223465,10630,661,82056.5,2979286,Highlight,02-01-2025,10079801.36,297928500,6.218250235,182789020.5
RituFood,TikTok,131871,100832,2445,1040,4437000,18892,1945,107284,0,Reel+Post,02-01-2025,10327700.79,-100,10.29536312,4131020.315
AmitCricket.xo,Instagram,3488166,46511,3448,12922,7300000,32621,1545,99160,1975529,shorts,07-03-2025,4995900.37,197552800,4.736212869,120530040.1
MeeraBeautyVlogs,Tiktok,1670000,114327,6065,14149,6300000,47513,2679,186103,3416941,Story ,07-03-2025,12039200.85,341694000,5.638456843,209832080.3
KaranFitness07,YouTube,689714,23276,1798,4225,3736000,61378,1796,216252,4266802,Live Stream,03-02-2025,2507400.613,426680100,2.926129884,257011020.2
DeepakMotivation ,Instagram,4870000,116543,0,11470,6881671,18400,2136,82056.5,2710389,Live Stream,03-02-2025,11654300.24,271038800,11.60869565,167285000.1
NehaFoodie_official,Instagram,1434000,72268,1817,0,1772000,13476,2049,82056.5,202359,carousel ,03-02-2025,7408500,20235800,15.20480855,15104880
TanyaDance.xo,Facebook,2490000,41141,3410,0,4812000,41096,2724,314851,0,Carousell,08-01-2025,4455100,-100,6.628382324,1781980
TanyaDance ,YouTube,2035336,52946,1756,14627,3420854,53749,935,20648,240416,Video,10-01-2025,5470200.719,24041500,1.739567248,16612980.29
FitAnkit ,Facebook,380000,11176,510,2812,2175000,26166,0,128521,1558150,Carousel,10-01-2025,1168600.74,155814900,0,93956380.3
TANYADANCE ,Instagram,4840000,42495,5424,4261,4761000,48230,1220,299872,4312277,Reel ,10-01-2025,4791900.088,431227600,2.529545926,260653320
AnanyaVlogsQueen,Facebook,1381088,53772,4809,13098,3582000,8555,1522,82056.5,0,Carousel,03-06-2025,5858100.948,-100,17.79076563,2343180.379
GamerVikramVlogs,Tiktok,4917781,33187,4227,5409,7677000,60823,358,82056.5,2969307,Reel ,03-06-2025,3741400.11,296930600,0.588593131,179654920
SnehaDanceVlogs,Linkedin,3600000,0,4775,0,0,14534,1139,144798,1454275,Story+Reel,03-06-2025,477500,145427400,7.836796477,87447440
GamerVikram.xo,Linkedin,1356081,80703,5007,0,0,5425,1214,82056.5,1875862,Carousel,03-06-2025,8571000,187586100,22.37788018,115980060
ShaliniFashion07,Linkedin,4470000,32553,283,15730,4110529,9607,0,60260,142420,Reels+Post,03-06-2025,3283600.352,14241900,0,9858580.141
KabirTechInsta,Facebook,2788845,0,3467,15877,894000,24271,2350,289509,3859681,Live Stream,03-05-2025,346700.5693,385968000,9.682336945,231719480.2
MeeraBeautyFitness,Tiktok,745790,75746,2836,0,0,37963,1863,144287,339133,Live Stream,03-03-2025,7858200,33913200,4.907409846,23491200
PriyaVibes07,Instagram,715000,116657,1444,0,0,1600,0,82056.5,2361408,Live Stream ,03-03-2025,11810100,236140700,0,146408460
RiyaMakeup07,YouTube,906684,0,2561,0,7700000,50551,2072,82056.5,0,Long Video,03-03-2025,256100,-100,4.098830884,102380
RohanFitnessFitness,Facebook,2791000,83030,0,16836,6199131,56863,2705,14228,4124904,Long Video,03-03-2025,8303000.603,412490300,4.757047641,250815380.2
KABIRTECH07 ,YouTube,3270000,91435,4663,12262,0,16772,2122,91479,0,Video,01-01-2025,9609800.375,-100,12.65203911,3843860.15
VIKRAMTECH07 ,YouTube,1690000,47460,3369,0,7300000,27896,661,222470,0,Post,03-05-2025,5082900,-100,2.369515343,2033100
NehaFoodieInsta,YouTube,4137585,104058,1035,9870,0,35324,0,43176,2327427,reel,03-05-2025,10509300.24,232742600,0,143849280.1
TanyaDance ,Instagram,940000,26841,1231,6808,7765000,22568,2031,155500,0,Long Video,03-06-2025,2807200.724,-100,8.999468274,1122820.29
SnehaDance07,YouTube,1320000,81736,5580,11194,4766697,46493,705,336037,3138861,shorts,03-12-2025,8731600.848,313886000,1.516357301,191824240.3
FitAnkit.xo,YouTube,881000,124223,570,0,0,10054,0,229510,0,story+reel,10-03-2025,12479300,-100,0,4991660
PriyaVibesQueen,Facebook,2353425,12198,388,10442,7989011,52794,0,82056.5,0,Story+Reel,10-03-2025,1258600.444,-100,0,503380.1775
FitAnkit,YouTube,1382000,67242,0,10519,6041082,15722,0,82056.5,3517010,Post,10-03-2025,6724200.761,351700900,0,213710220.3
VikramTech.xo,YouTube,3390000,123478,5747,4041,0,12267,1661,82056.5,0,Story+Reel ,10-03-2025,12922500.12,-100,13.54039292,5168940.048
KabirTech ,YouTube,364358,62031,0,15614,1941000,13942,706,170046,1163791,shorts,11-03-2025,6203104.285,116379000,5.063835892,72308641.71
NehaFoodie.xo,Linkedin,4868869,69032,0,4252,4273861,42212,2043,111827,4348606,Reel ,11-03-2025,6903200.087,434860500,4.839855965,263677580
ShaliniFashionInsta,Facebook,2805638,40525,5662,15454,0,24554,0,78117,911006,story+reel,11-03-2025,4618700.551,91100500,0,56507780.22
KaranFitnessDanceee,TikTok,2715831,2085,0,7278,6867482,43160,0,50834,2852213,Story+Reel,03-05-2025,208500.268,285221200,0,171216120.1
MansiBeautyQueen,Instagram,1690610,119527,5868,0,2500000,36269,0,295868,0,0,03-05-2025,12539500,-100,0,5015740
PoojaLifestyleFitness,YouTube,1993484,4381,4822,12716,6209000,4656,2427,43387,0,reel,03-05-2025,920300.6379,-100,52.12628866,368060.2552
RiyaMakeupQueen,Tiktok,68486,61624,1793,5379,2147003,48690,1449,82056.5,2197433,0,11-01-2025,6341707.854,219743200,2.975970425,134382603.1
MansiBeauty,YouTube,4548355,28794,113,16260,0,40846,739,315884,2584221,carousel ,03-04-2025,2890700.357,258422000,1.809234686,156209480.1
TechBitArvindFitness,YouTube,3169476,39914,1843,0,0,3923,1552,82056.5,4357758,Carousell,04-01-2025,4175700,435775700,39.56156003,263135700
RiyaMakeupVlogs,Facebook,2320000,108934,4376,4298,4900000,50196,1034,73587,64682,Reels+Post,03-06-2025,11331000.19,6468100,2.059925094,8413260.074
SiddharthTravel07,Facebook,4430000,109759,804,11004,0,45047,1751,229209,139605,Reel+Post,03-02-2025,11056300.25,13960400,3.887051302,12798760.1
KaranFitnessDanceee,Facebook,182147,8057,0,691,1487000,7027,2093,82056.5,3305295,shorts,03-02-2025,805700.3794,330529400,29.78511456,198639920.2
RituFood,Tiktok,4221937,46283,0,8063,2285288,59608,1219,82056.5,3287424,Story+Reel,03-07-2025,4628300.191,328742300,2.045027513,199096700.1
RituFood ,Instagram,4693279,5745,0,6420,0,4122,1108,229582,0,0,03-07-2025,574500.1368,-100,26.88015526,229740.0547
MansiBeautyVlogs,Instagram,4035672,0,3524,3542,8300000,47006,2169,82056.5,1116835,0,03-12-2025,352400.0878,111683400,4.614304557,67151000.04
RiyaMakeup_official,Tiktok,2420000,53772,364,0,2897261,35402,779,139567,3602713,long video,03-11-2025,5413600,360271200,2.200440653,218328160
KABIRTECHINSTA ,YouTube,960000,0,3275,16056,567987,45987,948,9543,0,shorts,03-11-2025,327501.6725,-100,2.06145215,130940.669
SaraTravelDiaries.xo,YouTube,19713,90467,5124,17538,4435646,24156,1331,275353,833279,Video,03-11-2025,9559188.967,83327800,5.510018215,53820355.59
RahulGamerFitness,Instagram,2880000,69788,1755,4999,0,50915,287,113825,3679234,Video ,03-02-2025,7154300.174,367923300,0.563684572,223615700.1
DeepakMotivationQueen,Instagram,4020814,52517,1023,18074,0,25078,770,82056.5,1853210,reel ,03-02-2025,5354000.45,185320900,3.070420289,113334140.2
SnehaDanceFitness,Youtube,102790,73458,5789,7429,3593000,55564,1837,196753,788579,Reel ,03-02-2025,7924707.227,78857800,3.306097473,50484562.89
TechBitArvindVlogs,Instagram,4385946,75717,1075,9307,3300000,54295,0,82056.5,2767922,Reels+Post,03-02-2025,7679200.212,276792100,0,169146940.1
TanyaDanceFitness,Instagram,4380054,104709,0,11604,900000,7637,0,48759,2602297,Carousell,03-05-2025,10470900.26,260229600,0,160326120.1
TechBitArvindInsta,TikTok,960000,104989,1346,632,5223625,61301,2620,339342,0,Reel+Post,03-03-2025,10633500.07,-100,4.273992268,4253340.026
AnanyaVlogsQueen,Instagram,3784121,64277,4944,9472,2512217,15025,2131,27442,4416748,Reel ,03-03-2025,6922100.25,441674700,14.18302829,267773660.1
MEERABEAUTY07 ,Facebook,2230000,42552,5151,15102,5083000,39727,909,82056.5,2837930,Highlight,03-03-2025,4770300.677,283792900,2.288116394,172183860.3
GamerVikram.xo,YouTube,4269000,0,1886,16357,7859000,7897,1942,82056.5,0,Short ,08-03-2025,188600.3832,-100,24.59161707,75380.15326
ArjunVlogs ,Instagram,1051582,24207,3661,6764,0,24272,0,82056.5,0,story+reel,08-03-2025,2786800.643,-100,0,1114660.257
MeeraBeauty,Instagram,3067527,81710,2891,0,0,61317,1342,82056.5,2746013,Post,08-03-2025,8460100,274601200,2.188626319,168144760
TechBitArvindInsta,Instagram,3931971,23181,2027,0,4500000,36736,170,169353,708635,Video,03-07-2025,2520800,70863400,0.462761324,43526360
TechBitArvind.xo,Instagram,99620,30463,2863,12876,3314582,9301,1878,343738,3017393,0,03-07-2025,3332612.925,301739200,20.19137727,182376565.2
SiddharthTravel.xo,Facebook,1742434,63799,6217,0,2800000,50329,728,288988,0,Long Video,03-05-2025,7001600,-100,1.446482147,2800580
TechBitArvindVlogs,YouTube,2138000,102669,5410,17337,0,35419,260,82056.5,3359464,Highlight,06-03-2025,10807900.81,335946300,0.734069285,205890940.3
GamerVikram,YouTube,3851661,57318,5436,12918,6938000,60473,151,82056.5,0,Stories,03-01-2025,6275400.335,-100,0.249698212,2510100.134
NehaFoodie.xo,Instagram,2085831,54434,6433,0,5047000,6165,992,82056.5,3071422,Stream Highlight,03-01-2025,6086700,307142100,16.09083536,186719940
MansiBeautyVlogs,YouTube,1590000,40946,331,7620,1598000,35497,1321,82056.5,0,reel,03-06-2025,4127700.479,-100,3.721441249,1651020.192
RahulGamerFitness,TikTok,3468000,47053,0,0,3600000,45987,1096,345354,846479,long video,05-01-2025,4705300,84647800,2.383282232,52670800
RajTravelDanceee,YouTube,4328598,32270,2699,6381,0,34241,783,26744,0,Long Video,05-01-2025,3496900.147,-100,2.28673228,1398700.059
MansiBeauty.xo,YouTube,4067486,0,2351,8500,2133000,54793,1634,240215,1264733,Post ,05-01-2025,235100.209,126473200,2.982132754,75977960.08
RohanFitness ,Linkedin,1102413,0,1442,2940,0,28570,0,82056.5,0,Live Stream,03-03-2025,144200.2667,-100,0,57620.10668
RituFoodVlogs,Instagram,1077465,0,0,11466,554000,24007,2448,167777,1355747,Story,03-03-2025,1.064164497,135574600,10.19702587,81344760.43
RahulGamerDanceee,YouTube,3161776,91342,2035,12530,5357838,16092,2444,204840,2774151,reel,03-03-2025,9337700.396,277415000,15.18767089,170184080.2
MeeraBeauty_official,Facebook,4440000,57889,4440,1704,1300000,4051,1123,193181,4268933,long video,03-03-2025,6232900.038,426893200,27.72155023,258629080
VikramTech_official,Facebook,4054326,9759,2468,13232,1643615,56895,1189,276177,492272,Story+Reel,03-03-2025,1222700.326,49227100,2.089814571,30025340.13
KABIRTECHDANCEEE ,TikTok,140000,0,3429,6596,6334000,46464,1491,56087,419511,Reel  ,03-12-2025,342904.7114,41951000,3.20893595,25307761.88
PoojaLifestyleFitness,Instagram,3014225,100243,5122,0,4600000,53407,1375,69534,751659,Live Stream,12-01-2025,10536500,75165800,2.574568877,49314080
PriyaVibes07,Facebook,594000,30133,0,15135,3548000,57358,2598,76030,0,Carousel,03-11-2025,3013302.548,-100,4.529446633,1205261.019
ShaliniFashionFitness,Facebook,2250000,120836,0,15303,7189000,10680,943,271142,0,Stories,03-11-2025,12083600.68,-100,8.829588015,4833380.272
PriyaVibesFitness,Facebook,4786000,109536,285,5988,7358327,48457,1206,60507,3207714,Stream Highlight,03-11-2025,10982100.13,320771300,2.488804507,196855620.1
RahulGamerQueen,Youtube,3321510,17518,0,16787,0,37079,2591,146067,3764295,Post,03-11-2025,1751800.505,376429400,6.987782842,226558360.2
SaraTravelDiariesDanceee,YouTube,4951252,67894,2257,674,7400000,48366,0,82056.5,0,Reel ,03-11-2025,7015100.014,-100,0,2805980.005
ShaliniFashion.xo,YouTube,1760422,2313,4229,0,5737449,18672,736,231343,0,Carousel,03-08-2025,654200,-100,3.941730934,261620
MeeraBeautyVlogs,Instagram,2898756,34858,5168,5855,3300000,15595,2146,109167,0,Carousell,03-08-2025,4002600.202,-100,13.76082078,1600980.081
RiyaMakeupVlogs,TikTok,4017747,0,1061,14617,0,49085,0,82056.5,2050615,long video,03-08-2025,106100.3638,205061400,0,123079280.1
ShaliniFashionDanceee,Facebook,1043000,18640,1181,17637,5526435,56059,1603,180372,0,Stories,03-08-2025,1982101.691,-100,2.859487326,792780.6764
RituFood07,Instagram,1054477,121350,1838,0,6523000,10311,2259,189352,2990488,Reel ,03-08-2025,12318800,299048700,21.90864126,184356740
RohanFitnessInsta,Facebook,807175,48657,2313,3285,5800000,38801,2486,82056.5,0,Short,03-09-2025,5097000.407,-100,6.407051365,2038740.163
SnehaDanceVlogs,Facebook,1843152,0,181,8905,0,24526,1715,82056.5,1544816,shorts,03-09-2025,18100.48314,154481500,6.992579304,92696140.19
KaranFitness,YouTube,3121177,108792,0,6319,0,36298,2792,63266,0,Story+Reel,05-01-2025,10879200.2,-100,7.69188385,4351620.081
ShaliniFashionInsta,Instagram,1590000,34943,4567,9009,3900000,9427,595,82056.5,0,long video,05-01-2025,3951000.567,-100,6.311658004,1580340.227
ShaliniFashion_official,YouTube,2440000,7949,0,6307,4719000,12462,672,276920,3850562,Story,05-01-2025,794900.2585,385056100,5.392392874,231351620.1
FitAnkitFitness,YouTube,2845000,0,3495,0,8034000,3169,946,171231,3960382,Stream Highlight,05-01-2025,349500,396038100,29.85168823,237762660
PriyaVibesVlogs,YouTube,2151737,0,3238,17662,5300000,24662,312,332720,0,Short,03-01-2025,323800.8208,-100,1.265104209,129460.3283
RajTravel.xo,YouTube,480000,0,4390,14310,6895000,3630,2738,88956,2781477,Live Stream,03-09-2025,439002.9813,278147600,75.42699725,167064161.2
GamerVikram07,Youtube,340677,0,2654,13812,4327000,54562,0,82056.5,4040784,Story,03-09-2025,265404.0543,404078300,0,242553141.6
FitAnkitFitness,Linkedin,4972044,51385,2490,6217,3300000,3817,672,15628,43451,Reel ,03-05-2025,5387500.125,4345000,17.60544931,4762000.05
ShaliniFashionDanceee,TikTok,4040000,51248,1905,0,0,60384,0,346870,308580,Stream Highlight ,03-05-2025,5315300,30857900,0,20640860
RohanFitness07,YouTube,2970000,79713,6290,0,0,4525,437,82056.5,1037310,Reel ,03-04-2025,8600300,103730900,9.657458564,65678660
ArjunVlogs07,Facebook,4177000,0,5252,673,6463949,7920,591,277774,2012436,Long Video,03-01-2025,525200.0161,201243500,7.462121212,120956180
RituFood,Linkedin,3919700,103993,0,9308,0,60195,281,82056.5,0,shorts,03-04-2025,10399300.24,-100,0.466816181,4159660.095
FitAnkit.xo,YouTube,1749776,87321,3900,15612,0,38250,2165,82056.5,2833658,Post,03-05-2025,9122100.892,283365700,5.660130719,173668260.4
RiyaMakeup_official,Instagram,1010000,54634,6021,11474,600000,46534,2092,82056.5,391316,shorts,03-12-2025,6065501.136,39131500,4.495637598,25905100.45
FitAnkit ,YouTube,2100000,13284,2526,1255,5904000,33807,2068,107111,0,Post,03-12-2025,1581000.06,-100,6.117076345,632340.0239
AnanyaVlogs_official,Tiktok,4221775,94878,0,11366,0,62000,1458,109405,0,Reels+Post,03-04-2025,9487800.269,-100,2.351612903,3795060.108
KabirTechVlogs,YouTube,627000,0,3695,11216,0,34986,2714,82056.5,2867073,Story+Reel,03-04-2025,369501.7888,286707200,7.75738867,172172120.7
AmitCricket07,Linkedin,5103036,0,0,0,2800000,20666,1649,161194,548707,Reels+Post,03-05-2025,0,54870600,7.979289655,32922360
AnanyaVlogsInsta,Facebook,400174,87549,0,17073,0,6365,644,82056.5,0,Reel+Post,08-03-2025,8754904.266,-100,10.11783189,3501901.707
DeepakMotivationFitness,TikTok,4490000,15853,1606,4835,711000,55423,738,32625,0,Story ,08-03-2025,1745900.108,-100,1.331577143,698300.0431
ShaliniFashion.xo,Facebook,174396,108394,1298,14038,1838048,22189,120,329161,334812,Reel ,01-01-2025,10969208.05,33481100,0.540808509,24476343.22
KabirTech ,Youtube,408632,0,2024,11347,3299366,38472,0,172386,1950533,Live Stream,01-01-2025,202402.7768,195053200,0,117112881.1
SnehaDance07,Linkedin,1824231,0,0,8136,3622144,17712,0,82056.5,153915,Story+Reel,03-09-2025,0.445996149,15391400,0,9234840.178
RajTravel,Facebook,2771000,23053,0,13406,1200000,12635,1558,82056.5,0,carousel ,03-11-2025,2305300.484,-100,12.33082707,922060.1935
AmitCricket_official,YouTube,300000,30991,5274,2721,0,18042,0,307011,1080296,Story+Reel,08-01-2025,3626500.907,108029500,0,66268300.36
KaranFitness.xo,YouTube,340000,98677,3687,0,4300000,5135,1877,69990,0,Video,03-12-2025,10236400,-100,36.55306719,4094500
ArjunVlogs.xo,Linkedin,3270000,122739,5793,4592,914000,53691,2668,243819,0,Carousel,02-03-2025,12853200.14,-100,4.969175467,5141220.056
TechBitArvindInsta,Instagram,2401553,0,3309,10059,7100000,9405,2748,161552,1809375,Carousel,03-01-2025,330900.4189,180937400,29.2185008,108694800.2
TANYADANCEVLOGS ,Instagram,240000,114588,1995,0,0,3615,986,82056.5,4258354,Stream Highlight,03-04-2025,11658300,425835300,27.27524205,260164500
ShaliniFashionFitness,Tiktok,1480000,0,87,11503,0,55419,2721,302485,1024472,Story+Reel,03-04-2025,8700.77723,102447100,4.909868457,61471740.31
TanyaDance ,YouTube,3576808,62030,3326,13832,0,60133,1384,21445,0,NaN ,03-04-2025,6535600.387,-100,2.301564865,2614180.155
RituFoodQueen,Linkedin,5000000,9762,1477,10244,0,5551,757,340823,434509,Story+Reel,03-04-2025,1123900.205,43450800,13.63718249,26520040.08
ShaliniFashionQueen,Tiktok,490000,0,0,698,647000,40869,893,82056.5,3523201,Reel+Post ,03-07-2025,0.14244898,352320000,2.185030219,211392000.1
SiddharthTravel,Facebook,1033910,64549,1696,1055,0,60801,1255,82056.5,2044735,long video,11-01-2025,6624500.102,204473400,2.064110788,125333840
SnehaDanceDanceee,Instagram,790229,7663,1688,17858,4918222,57245,627,82056.5,1393116,carousel ,03-01-2025,935102.2599,139311500,1.095292165,83960940.9
RAJTRAVEL ,TikTok,2628348,1585,3059,7363,0,38638,0,82056.5,0,0,01-03-2025,464400.2801,-100,0,185700.1121
RiyaMakeupInsta,Linkedin,4967046,36055,5877,16131,6222974,9774,1762,82056.5,290592,Long Video,03-09-2025,4193200.325,29059100,18.02741968,19112740.13
RAHULGAMER ,YouTube,4303309,0,2006,13694,6500000,19784,2412,82056.5,0,Reel ,03-09-2025,200600.3182,-100,12.19167004,80180.12729
SnehaDance.xo,Facebook,4339844,56654,2194,0,0,49766,1229,82056.5,102465,Reel ,03-09-2025,5884800,10246400,2.469557529,8501760
RiyaMakeupQueen,TikTok,3482000,98155,0,15517,481227,8569,2286,65286,0,Story+Reel,03-05-2025,9815500.446,-100,26.67755864,3926140.178
TanyaDanceFitness,YouTube,4882143,85097,0,10387,700000,13568,672,56992,0,Long Video,03-05-2025,8509700.213,-100,4.952830189,3403820.085
FitAnkitFitness,YouTube,5029000,0,0,9593,4936842,36850,0,301807,3168617,reel,03-05-2025,0.190753629,316861600,0,190116960.1
SnehaDanceFitness,YouTube,3466000,0,3022,1536,5915617,51051,1411,82056.5,0,Reel+Post,03-05-2025,302200.0443,-100,2.763902764,120820.0177
PriyaVibesFitness,TikTok,4809000,0,2102,15462,7200000,24053,2119,60893,0,Reel ,03-05-2025,210200.3215,-100,8.809711886,84020.12861
RiyaMakeup_official,YouTube,710000,66648,249,9973,0,24101,649,82056.5,740675,long video,03-05-2025,6689701.405,74067400,2.692834322,47116320.56
GAMERVIKRAMQUEEN ,YouTube,308000,113122,4793,17335,7057000,9831,679,82056.5,117349,Live Stream,03-09-2025,11791505.63,11734800,6.906723629,11757482.25
NEHAFOODIE.XO ,Instagram,4177000,0,5981,15512,5667698,45063,0,189412,3043579,long video,03-09-2025,598100.3714,304357800,0,182853920.1
PriyaVibes ,YouTube,2148000,122797,3225,0,6800000,23899,2454,194376,0,Stories,03-05-2025,12602200,-100,10.26821206,5040820
MeeraBeauty ,Tiktok,1348963,0,2667,14753,1600000,39793,2134,28698,2859667,Video,01-01-2025,266701.0937,285966600,5.362752243,171686640.4
ArjunVlogs ,Youtube,2020000,23391,2326,7933,2473000,61503,1157,264547,0,Carousel,03-05-2025,2571700.393,-100,1.881209047,1028620.157
ShaliniFashionDanceee,Youtube,1262042,113835,1698,0,4600000,42375,214,40485,0,Reel ,03-03-2025,11553300,-100,0.505014749,4621260
GamerVikram ,YouTube,2069000,0,4176,0,1336131,55020,1482,82056.5,2811716,Short,03-12-2025,417600,281171500,2.693565976,168869940
SaraTravelDiaries_official,Instagram,3135145,120420,2484,1259,7789015,40001,1970,274011,0,Video,03-06-2025,12290400.04,-100,4.924876878,4916100.016
PriyaVibes.xo,Instagram,4330000,0,5230,0,2539710,21882,1747,318698,0,Reel ,03-06-2025,523000,-100,7.98373092,209140
RahulGamerVlogs,Youtube,3719058,22489,3685,0,1100000,59330,2520,82056.5,1608512,story+reel,03-06-2025,2617400,160851100,4.247429631,97557620
RiyaMakeupDanceee,Instagram,4980422,91885,4284,16934,4919344,37526,2215,82056.5,3071434,Reel ,03-06-2025,9616900.34,307143300,5.902574215,188132740.1
MEERABEAUTY ,Facebook,926941,96974,4719,8746,1073000,30808,1757,158567,0,Reel+Post,03-06-2025,10169300.94,-100,5.703064139,4067660.377
MeeraBeauty,Linkedin,3990000,0,1974,10263,3900000,19416,2707,221006,0,Stream Highlight,03-06-2025,197400.2572,-100,13.9421096,78900.10289
TECHBITARVINDFITNESS ,Instagram,190488,103136,2765,9327,2152473,2683,750,205247,0,Reel ,03-09-2025,10590104.9,-100,27.95378308,4235981.959
PriyaVibes,YouTube,860000,25025,0,12011,7777000,28585,1905,12373,1298229,Video ,03-09-2025,2502501.397,129822800,6.664334441,78894680.56
TechBitArvindInsta,Instagram,4510000,64257,2684,6159,6300000,3310,80,143038,0,0,03-09-2025,6694100.137,-100,2.416918429,2677580.055
SiddharthTravelVlogs,YouTube,2431167,9028,0,13871,482000,51902,2679,254800,905444,Post,07-01-2025,902800.5705,90544300,5.161650803,54687700.23
GamerVikram,Tiktok,3873000,113311,2671,0,2700000,8626,1279,24994,0,Reels+Post,07-03-2025,11598200,-100,14.8272664,4639220
DeepakMotivation.xo,Facebook,2569189,71686,1609,6334,6600000,34398,0,82056.5,3654142,Post,07-03-2025,7329500.247,365414100,0,222180260.1
NehaFoodieQueen,Tiktok,4498314,73985,5091,0,7165000,47074,1915,39284,0,Stories,07-03-2025,7907600,-100,4.06806305,3162980
GamerVikram07,Instagram,3519699,113292,6383,2845,864938,33518,1161,82056.5,4269669,shorts,07-03-2025,11967500.08,426966800,3.46381049,260967080
DeepakMotivation.xo,Facebook,2545500,21968,2877,11081,1300000,19765,2538,169043,2752713,Video,03-01-2025,2484500.435,275271200,12.84088034,166156520.2
ShaliniFashion,Facebook,3771000,68430,719,1605,819904,27270,932,337241,4476723,Stories,03-12-2025,6914900.043,447672200,3.417675101,271369280
TanyaDanceInsta,Tiktok,1275841,10149,3816,8807,2000000,43479,0,249530,3179736,Video,03-01-2025,1396500.69,317973500,0,191342700.3
SIDDHARTHTRAVELINSTA ,Youtube,1961559,62344,3506,2701,4866451,32173,2676,136923,4241644,Carousell,03-03-2025,6585000.138,424164300,8.317533335,257132580.1
AmitCricketInsta,TikTok,1467546,49236,4671,2140,6000000,4566,2189,310631,4298677,Story+Reel,03-04-2025,5390700.146,429867600,47.9413053,260076840.1
KabirTech,YouTube,550000,62150,6212,0,5000000,16769,2762,82056.5,3656043,Carousell,03-04-2025,6836200,365604200,16.47086887,222097000
TechBitArvindInsta,YouTube,984000,118259,4343,7736,0,53679,2645,113642,611235,Video,03-04-2025,12260200.79,61123400,4.927439036,41578120.31
PoojaLifestyle_official,Youtube,2351184,70576,1769,557,0,41484,454,136328,2468423,carousel ,03-04-2025,7234500.024,246842200,1.09439784,150999120
KaranFitness.xo,YouTube,364286,0,0,1882,0,29111,1850,82056.5,1883362,Stream Highlight,03-04-2025,0.516627046,188336100,6.354986088,113001660.2
NehaFoodieFitness,YouTube,1504553,107393,6381,0,6000000,48221,0,188749,3678650,Reel ,03-06-2025,11377400,367864900,0,225269900
RituFood07,Instagram,1002911,82201,2088,12066,8036000,16449,0,155798,0,Reels+Post,03-06-2025,8428901.203,-100,0,3371500.481
AMITCRICKET  ,Instagram,4294244,100973,623,16461,0,44128,2403,240032,3832770,Reel ,01-03-2025,10159600.38,383276900,5.445522117,234029980.2
MansiBeautyDanceee,Instagram,4370000,107993,3245,17380,0,60811,526,82056.5,1878814,story+reel,01-03-2025,11123800.4,187881300,0.864975087,117178300.2
RajTravel.xo,Facebook,1500000,105318,4180,7956,6860750,19536,390,82056.5,2562807,Reels+Post ,01-03-2025,10949800.53,256280600,1.996314496,158148280.2
ShaliniFashion,Youtube,2070000,45927,1113,14496,1300000,12831,1294,330392,1430299,Reels+Post,01-03-2025,4704000.7,143029800,10.08495051,87699480.28
DEEPAKMOTIVATIONDANCEEE ,Youtube,2580000,108249,4646,0,5200000,27213,205,340641,313024,Story,03-12-2025,11289500,31302300,0.75331643,23297180
ShaliniFashionFitness,Facebook,2223000,21402,2395,17824,5388000,27627,0,228195,127869,long video,03-03-2025,2379700.802,12786800,0,8623960.321
MansiBeautyVlogs,Instagram,4704000,24584,0,15052,1800000,19078,2409,24467,2481345,Reel ,03-03-2025,2458400.32,248134400,12.62710976,149864000.1
SaraTravelDiariesFitness,Youtube,4218758,0,4082,5540,2800000,60354,895,201439,2096279,Long Video,03-12-2025,408200.1313,209627800,1.482917454,125939960.1
RituFoodQueen,YouTube,4799000,119154,2340,994,0,59992,1734,274841,1063631,Long Video,03-04-2025,12149400.02,106363000,2.890385385,68677560.01
SnehaDance ,Instagram,3800000,93308,3551,5241,7589948,48926,2380,53274,0,0,03-02-2025,9685900.138,-100,4.864489229,3874300.055
RohanFitness07,Youtube,1307195,0,6165,0,5300000,27791,520,82056.5,2503670,Reel ,03-03-2025,616500,250366900,1.871109352,150466740
DeepakMotivation07,Facebook,4903781,0,6411,0,500000,50784,1144,49510,3897114,Story+Reel,03-10-2025,641100,389711300,2.252678009,234083220
RituFoodFitness,Youtube,4663478,0,392,15263,0,18273,16,19141,2605929,Live Stream,03-10-2025,39200.32729,260592800,0.087560882,156371360.1
ShaliniFashionInsta,Youtube,3730000,66812,3889,576,6294000,46761,937,82056.5,4196358,Stream Highlight,03-12-2025,7070100.015,419635700,2.003806591,254609460
AmitCricketFitness,Tiktok,3485000,120462,3654,5245,5983836,60722,2238,82056.5,1093638,Story,03-05-2025,12411600.15,109363700,3.685649353,70582860.06
VikramTech_official,TikTok,2100000,66232,0,6801,0,53540,1720,237216,138793,Long Video,03-05-2025,6623200.324,13879200,3.212551363,10976800.13
RajTravel07,Linkedin,2145432,42077,1273,11177,0,6304,0,82056.5,0,shorts ,03-05-2025,4335000.521,-100,0,1733940.208
DeepakMotivation_official,Tiktok,5080000,16706,0,13307,3023000,52365,1864,82056.5,2393746,Video,03-05-2025,1670600.262,239374500,3.559629524,144292940.1
PriyaVibesFitness,TikTok,4066051,75927,5734,13463,3131000,33874,1139,37074,2058815,Live Stream,03-07-2025,8166100.331,205881400,3.362460884,126795280.1
FitAnkit ,Youtube,3840000,63162,6086,1160,7400000,2635,2426,82056.5,0,Stories,03-07-2025,6924800.03,-100,92.0683112,2769860.012
MANSIBEAUTY.XO ,Instagram,3720000,94107,3953,15880,7433968,18401,0,328513,0,Post ,03-07-2025,9806000.427,-100,0,3922340.171
PoojaLifestyleInsta,Linkedin,3670000,31384,3742,9949,0,9620,2309,46161,3392890,Story,03-06-2025,3512600.271,339288900,24.002079,204978380.1
RiyaMakeupFitness,Facebook,4777967,48689,1362,2675,2122000,35951,2422,80783,4272373,Story+Reel,03-06-2025,5005100.056,427237200,6.736947512,258344360
GamerVikramQueen,Tiktok,865846,116208,4078,16476,1200000,40232,2675,144600,2851289,Story+Reel,03-06-2025,12028601.9,285128800,6.64893617,175888720.8
GAMERVIKRAMFITNESS ,Facebook,3997371,82298,1119,4615,7295000,53762,0,82056.5,1287015,reel,03-06-2025,8341700.115,128701400,0,80557520.05
TanyaDanceVlogs,Instagram,5171223,72755,4589,1983,2722206,25760,231,198362,0,Reels+Post,03-04-2025,7734400.038,-100,0.89673913,3093700.015
RiyaMakeupQueen,Instagram,4980000,55191,0,9706,0,3599,1998,21416,0,Reel ,03-01-2025,5519100.195,-100,55.51542095,2207580.078
VikramTechQueen,Instagram,1310000,0,0,11253,0,41677,0,82056.5,4435005,Reel ,03-01-2025,0.859007634,443500400,0,266100240.3
GamerVikramFitness,Facebook,4223661,6877,2146,17932,0,33082,1634,299840,3971122,0,03-08-2025,902300.4246,397112100,4.939241884,238628180.2
PriyaVibes,YouTube,1846710,41158,0,0,5488000,5236,2749,82056.5,4455482,shorts,03-04-2025,4115800,445548100,52.50190985,268975180
TechBitArvindVlogs,Youtube,4740191,10368,4236,13319,3300000,4084,1170,177870,1613410,story+reel,03-04-2025,1460400.281,161340900,28.64838394,97388700.11
SiddharthTravel_official,Facebook,3142286,46582,4116,3413,7340000,43154,1638,82056.5,0,Stream Highlight,03-12-2025,5069800.109,-100,3.795708393,2027860.043
MeeraBeautyInsta,Facebook,2470000,57295,6479,16516,0,34444,486,82056.5,0,shorts,03-09-2025,6377400.669,-100,1.410985948,2550900.267
RahulGamerFitness,Facebook,2030000,0,318,14808,8500000,58651,1894,92498,0,Stories,03-09-2025,31800.72946,-100,3.229271453,12660.29178
RiyaMakeupVlogs,Facebook,3477000,1367,3875,0,0,61703,1157,273341,2764715,Post,03-09-2025,524200,276471400,1.875111421,166092520
SnehaDanceFitness,Linkedin,1968000,106492,1972,4643,693000,19716,2575,136513,0,Reel ,03-09-2025,10846400.24,-100,13.06045851,4338500.094
KaranFitnessVlogs,Facebook,444000,91193,2221,0,1204000,31085,1677,24753,1275946,Live Stream,03-10-2025,9341400,127594500,5.394884993,80293260
RajTravelDanceee,YouTube,4013000,52845,1417,9368,0,53317,2256,82056.5,0,Video ,03-10-2025,5426200.233,-100,4.231295834,2170420.093
KabirTech ,Facebook,3210000,0,0,10212,4148274,54945,2628,228305,0,Story+Reel ,03-10-2025,0.318130841,-100,4.782964783,-59.87274766
FitAnkitDanceee,YouTube,964000,94792,2699,18200,6400000,11709,0,82056.5,1121028,Live Stream ,03-10-2025,9749101.888,112102700,0,71161260.76
RahulGamerInsta,Tiktok,3205000,0,0,9380,0,6446,2130,24894,2230082,Live Stream,03-10-2025,0.292667707,223008100,33.04374806,133804860.1
RiyaMakeupFitness,YouTube,917000,97202,6463,10227,5978000,26205,2499,82056.5,863221,Reel ,03-10-2025,10366501.12,86322000,9.536348025,55939800.45
SnehaDanceInsta,Tiktok,300000,5001,231,14458,1187000,29688,2569,209164,1395851,Stream Highlight,03-06-2025,523204.8193,139585000,8.653327944,83960281.93
SnehaDance07,Tiktok,3560000,38776,1888,0,5100000,36449,0,82056.5,515229,Stories ,03-10-2025,4066400,51522800,0,32540240
RajTravel.xo,Instagram,2880000,0,2737,4103,2600000,48884,1019,214318,3111128,Long Video,03-10-2025,273700.1425,311112700,2.084526634,186777100.1
POOJALIFESTYLE.XO ,Tiktok,4014000,0,2915,4158,0,44268,738,34496,2375066,Post,03-11-2025,291500.1036,237506500,1.66711846,142620500
RohanFitnessDanceee,Instagram,697263,0,5864,0,1900000,47748,2674,160146,3654992,Carousel,03-09-2025,586400,365499100,5.600234565,219534020
RahulGamerInsta,Instagram,2120000,32670,3383,5737,2202000,32303,0,223096,2652613,Story+Reel,03-05-2025,3605300.271,265261200,0,160598840.1
ShaliniFashion_official,Instagram,4015000,21956,1069,15052,1100000,38236,0,24503,0,Live Stream,03-09-2025,2302500.375,-100,0,920940.15
MeeraBeautyFitness,Instagram,1304447,53468,0,8133,800000,47697,832,281831,320949,Reel+Post ,03-07-2025,5346800.623,32094800,1.744344508,21395600.25
SHALINIFASHION_OFFICIAL ,Facebook,4359624,0,0,7956,2842000,33285,403,82056.5,0,Story,03-07-2025,0.182492802,-100,1.210755596,-59.92700288
RahulGamer_official,Linkedin,104000,120372,0,0,7270000,37704,324,168699,2057593,Stream Highlight,03-07-2025,12037200,205759200,0.859325271,128270400
GamerVikramVlogs,Youtube,3258157,12361,0,8018,7350000,22555,1391,289794,1205203,story+reel,04-01-2025,1236100.246,120520200,6.167146974,72806560.1
AmitCricket_official,Linkedin,1640000,102002,3306,0,0,61863,2689,82056.5,2624095,story+reel,04-01-2025,10530800,262409400,4.346701583,161657960
KabirTech,Instagram,3140283,65337,0,14301,0,51451,1006,232885,194470,Live Stream,04-03-2025,6533700.455,19446900,1.955258401,14281620.18
AmitCricketFitness,Facebook,330000,27242,5314,9038,3935000,17660,2525,135616,578563,Stories,03-06-2025,3255602.739,57856200,14.29784824,36015961.1
FitAnkit07,Facebook,2770000,0,4887,15177,6229057,42449,87,44421,471043,long video ,03-06-2025,488700.5479,47104200,0.204951825,28458000.22
PriyaVibes07,Facebook,468157,36645,2782,0,6959906,42938,2111,275034,238265,Carousel,03-06-2025,3942700,23826400,4.916391076,15872920
AmitCricket.xo,Tiktok,1490000,0,141,10486,2600000,49951,1745,39308,4218714,Story+Reel,08-01-2025,14100.70376,421871300,3.493423555,253128420.3
MansiBeautyDanceee,Facebook,4540000,91811,145,9225,4900000,8085,1651,82056.5,4312994,carousel ,03-11-2025,9195600.203,431299300,20.42053185,262457820.1
ShaliniFashion_official,Instagram,1170000,30423,0,3043,2870643,7525,320,82056.5,2825206,Carousell,03-11-2025,3042300.26,282520500,4.252491694,170729220.1
PoojaLifestyleDanceee,Instagram,180000,98957,6376,1609,0,19718,1122,82056.5,0,story+reel,03-07-2025,10533300.89,-100,5.690232275,4213260.358
RAJTRAVELDANCEEE ,YouTube,309990,0,0,2954,2500000,17092,1919,32803,4376708,Carousell,03-11-2025,0.952933966,437670700,11.22747484,262602420.4
SiddharthTravelFitness,Instagram,217000,94376,2495,2247,0,56348,2272,300411,1058038,Reel ,03-04-2025,9687101.035,105803700,4.032086321,67357060.41
PriyaVibes.xo,Youtube,1955781,87450,5264,8559,1730000,44087,19,82056.5,0,Highlight,12-03-2025,9271400.438,-100,0.043096604,3708500.175
VikramTech_official,Facebook,66121,0,3704,10790,3136333,21465,1990,82056.5,3008173,Reel ,03-03-2025,370416.3186,300817200,9.270906126,180638486.5
AmitCricket07,Instagram,2785716,64446,0,0,4983116,23669,1675,82056.5,925650,shorts,03-03-2025,6444600,92564900,7.076767079,58116780
PriyaVibes,Tiktok,5143647,89153,5843,18345,5035000,22274,2413,82368,2022895,Carousel,03-03-2025,9499600.357,202289400,10.83325851,125173480.1
PoojaLifestyle ,Instagram,3725795,97616,3098,5721,2700000,48468,2044,313532,4225952,Stream Highlight ,03-03-2025,10071400.15,422595100,4.217215482,257585620.1
KaranFitnessInsta,YouTube,2450000,23583,2156,373,1624981,59170,2197,103609,0,carousel ,03-03-2025,2573900.015,-100,3.713030252,1029500.006
SiddharthTravel ,Instagram,407693,0,5840,11256,2614000,54449,697,151096,0,Highlight,03-03-2025,584002.7609,-100,1.280096971,233541.1044
RohanFitness ,Tiktok,3409000,33293,5727,4129,1828000,4841,0,213326,3004977,Live Stream,12-01-2025,3902000.121,300497600,0,181859360
RiyaMakeupQueen,Linkedin,2963775,110527,575,6947,3300000,47323,182,229814,3760959,Carousell,12-01-2025,11110200.23,376095800,0.384591002,230101560.1
TanyaDance,Instagram,4904000,94732,2288,3457,0,52039,1469,337374,0,Reel ,02-01-2025,9702000.07,-100,2.822882838,3880740.028
RajTravelInsta,YouTube,247000,77688,5332,10694,4100771,36041,0,82056.5,3451108,reel,03-10-2025,8302004.33,345110700,0,210387221.7
KaranFitnessVlogs,Facebook,2920000,63404,5950,12086,6000000,45636,1640,11354,0,Carousel,03-10-2025,6935400.414,-100,3.593654133,2774100.166
PoojaLifestyleFitness,YouTube,4020234,40681,3297,4253,0,47228,1132,82056.5,2739829,Short,03-10-2025,4397800.106,273982800,2.396883205,166148800
DeepakMotivation,YouTube,836000,70437,1046,0,4342000,36750,0,185070,3117263,reel,03-10-2025,7148300,311726200,0,189895040
RahulGamerFitness,Facebook,2290000,82903,3371,10928,0,57165,1579,230824,3517990,Reel ,03-10-2025,8627400.477,351798900,2.762179655,214530300.2
PriyaVibes ,Youtube,3621000,0,5999,0,940000,40929,0,230742,2492047,carousel ,03-10-2025,599900,249204600,0,149762720
KaranFitnessQueen,YouTube,4571813,2920,203,10644,5838000,43082,797,304184,4001738,Stories,08-03-2025,312300.2328,400173700,1.84996054,240229140.1
SiddharthTravel_official,Instagram,4039506,75577,6405,4913,4350000,53675,2234,82056.5,0,Reel ,08-03-2025,8198200.122,-100,4.162086633,3279220.049
SiddharthTravelDanceee,Facebook,934426,19610,0,0,5300000,29025,0,82056.5,2446143,carousel ,03-05-2025,1961000,244614200,0,147552920
RiyaMakeup ,Instagram,2580000,63803,0,0,639000,55589,0,82056.5,31991,Highlight,03-05-2025,6380300,3199000,0,4471520
RahulGamer_official,YouTube,3021505,31093,1877,6379,3539000,61479,1890,274030,1062586,Highlight,03-05-2025,3297000.211,106258500,3.074220466,65073900.08
GAMERVIKRAMVLOGS ,YouTube,163000,104837,868,14339,4885641,3157,2620,65731,2755329,Video,03-05-2025,10570508.8,275532800,82.99018055,169547883.5
DeepakMotivationFitness,YouTube,258009,0,3116,0,2778454,2749,1826,345798,0,shorts,03-06-2025,311600,-100,66.42415424,124580
AmitCricketQueen,Youtube,127110,0,0,8980,1827000,12491,0,82056.5,3228815,Highlight,03-06-2025,7.064747069,322881400,0,193728842.8
GamerVikram_official,Tiktok,4728000,124831,5995,0,4092595,48930,2253,37377,0,Reel ,03-06-2025,13082600,-100,4.604537094,5232980
VIKRAMTECHFITNESS ,Linkedin,576000,102361,2377,17272,843873,61032,1937,349657,0,Story,03-11-2025,10473803,-100,3.173744921,4189461.199
RajTravelInsta,Linkedin,4090000,16225,6429,14048,1208004,29925,1370,296553,2004825,Carousel,03-11-2025,2265400.343,200482400,4.578111947,121195600.1
TanyaDance07,Tiktok,3815000,89095,6485,9692,0,49828,352,182312,29173,Short,04-03-2025,9558000.254,2917200,0.70643012,5573520.102
DeepakMotivationDanceee,Facebook,3934590,63266,5175,0,0,33452,2322,317033,1949111,Highlight,04-03-2025,6844100,194911000,6.941289011,119684240
RiyaMakeup07,Instagram,492369,42507,351,596,5600000,36538,0,294812,0,reel,04-03-2025,4285800.121,-100,0,1714260.048
GamerVikramVlogs,YouTube,3077890,37427,0,15841,6008000,20886,0,82056.5,0,reel,03-12-2025,3742700.515,-100,0,1497020.206
ArjunVlogsFitness,Youtube,2823172,33345,97,9301,7100000,34851,550,99998,1870549,Highlight,03-03-2025,3344200.329,187054800,1.578146969,113570560.1
GamerVikram,Instagram,3400000,14771,1470,8933,0,6918,2603,307993,4101332,Short ,03-05-2025,1624100.263,410133100,37.62648164,246729500.1
ArjunVlogsInsta,TikTok,2605063,34268,2285,15395,3579012,47860,0,176642,2493735,Stories,03-05-2025,3655300.591,249373400,0,151086160.2
TanyaDance ,Facebook,3479000,13462,2056,17989,7238000,29125,1126,157242,0,shorts,03-05-2025,1551800.517,-100,3.866094421,620660.2068
RohanFitness07,Instagram,2976265,43333,3914,0,0,23757,731,55654,2023967,Reels+Post,03-05-2025,4724700,202396600,3.076987835,123327840
KaranFitness.xo,YouTube,4964771,98546,3390,8428,0,59366,0,82056.5,2775108,Carousell,03-10-2025,10193600.17,277510700,0,170583860.1
PoojaLifestyleFitness,Tiktok,4360000,46404,1099,13965,6500000,35925,1822,50330,3926159,Live Stream,03-10-2025,4750300.32,392615800,5.071677105,237469600.1
SaraTravelDiaries_official,Facebook,3389783,78323,2307,3801,0,57242,2085,191349,552334,Reel ,03-07-2025,8063000.112,55233300,3.642430383,36365180.04
GamerVikramVlogs,Facebook,99000,0,3422,16184,7447000,38083,551,258081,0,Highlight,03-07-2025,342216.3475,-100,1.446839797,136826.539
SaraTravelDiariesDanceee,YouTube,3141000,106679,5262,10863,5402000,16811,2233,225645,0,Highlight,03-07-2025,11194100.35,-100,13.28296948,4477580.138
RahulGamer,Instagram,2579200,43866,4167,18140,5400000,16437,388,260093,1887941,Reel+Post,03-07-2025,4803300.703,188794000,2.360528077,115197720.3
KabirTechInsta,Facebook,4800000,73743,2139,7447,668896,54327,573,237497,4339438,Carousel,03-05-2025,7588200.155,433943700,1.05472417,263401500.1
ArjunVlogsFitness,Instagram,496342,118968,3548,2607,5662000,55671,335,82056.5,1302184,Stories,03-08-2025,12251600.53,130218300,0.601749564,83031620.21
SaraTravelDiaries,TikTok,3160000,0,5562,6008,0,47892,1149,15353,1147158,Video,03-08-2025,556200.1901,114715700,2.399148083,69051900.08
GamerVikram_official,Instagram,2670000,23617,3813,2445,6573000,36929,121,82056.5,415875,Highlight,03-08-2025,2743000.092,41587400,0.327655772,26049640.04
SiddharthTravel07,Linkedin,430000,99811,4403,15140,7802000,8111,1874,208918,0,Short,03-08-2025,10421403.52,-100,23.10442609,4168501.408
RAJTRAVEL_OFFICIAL ,Facebook,2603176,0,1962,7878,0,48667,443,162065,211270,Carousel,03-01-2025,196200.3026,21126900,0.910267738,12754620.12
PRIYAVIBESVLOGS ,YouTube,2066665,1667,3714,13580,3477000,21026,182,82056.5,0,Story+Reel,03-01-2025,538100.6571,-100,0.865594978,215180.2628
AnanyaVlogsDanceee,TikTok,1238000,0,0,12244,1600000,52392,1378,52749,1599610,Short,03-01-2025,0.98901454,159960900,2.630172545,95976540.4
KabirTech,Tiktok,3720000,99570,1791,7090,3000000,41872,2147,82056.5,1909169,long video,03-09-2025,10136100.19,190916800,5.127531525,118604520.1
KaranFitness07,Facebook,580000,0,5982,0,6599513,30950,0,82056.5,2292689,Reels+Post,03-04-2025,598200,229268800,0,137800560
DeepakMotivation_official,YouTube,2588000,62935,408,5521,0,49493,361,187191,0,Post,03-09-2025,6334300.213,-100,0.729396076,2533660.085
DeepakMotivation,Tiktok,3351000,3481,4240,17975,6100000,3700,1734,82056.5,1611679,Stream Highlight ,03-01-2025,772100.5364,161167800,46.86486486,97009520.21
PoojaLifestyleDanceee,Facebook,652000,27670,6373,6971,0,31788,0,82056.5,3906103,Stories,04-01-2025,3404301.069,390610200,0,235727840.4
MeeraBeauty_official,Tiktok,1295457,113834,6275,0,0,59865,193,82056.5,727932,Story,04-01-2025,12010900,72793100,0.322392049,48480220
SHALINIFASHIONINSTA ,Instagram,5181724,105186,2457,494,1900000,27913,592,108753,2763397,Live Stream,08-01-2025,10764300.01,276339600,2.120875578,170109480
DeepakMotivationFitness,Instagram,879763,78903,2240,0,4700000,34537,0,83670,0,Reels+Post,11-01-2025,8114300,-100,0,3245660
SnehaDance.xo,Facebook,4520000,84826,5198,5941,2700000,57987,2161,203661,648831,Highlight,03-12-2025,9002400.131,64883000,3.726697363,42530760.05
RajTravelDanceee,YouTube,1169737,115824,4812,2862,0,14445,1003,82056.5,3755553,Stream Highlight,04-01-2025,12063600.24,375555200,6.943579093,230158560.1
SaraTravelDiariesInsta,Instagram,4458095,51466,3870,1389,0,44432,352,160567,0,long video,03-02-2025,5533600.031,-100,0.792221822,2213380.012
SnehaDance07,Tiktok,4960890,81673,164,18090,0,5945,2667,194564,0,Story,03-02-2025,8183700.365,-100,44.86122792,3273420.146
KaranFitnessVlogs,Linkedin,3760000,0,0,3128,0,32710,1301,194042,1275163,carousel ,03-02-2025,0.083191489,127516200,3.977376949,76509720.03
FitAnkitDanceee,Youtube,2255000,14447,4457,1266,0,50724,0,82056.5,0,Reels+Post,03-02-2025,1890400.056,-100,0,756100.0225
SiddharthTravelVlogs,YouTube,2225322,76562,2145,6477,0,42369,2697,82056.5,60726,Reels+Post,03-02-2025,7870700.291,6072500,6.36550308,6791780.116
ShaliniFashion ,Youtube,1203696,4387,0,14372,0,60437,344,307308,0,long video,04-03-2025,438701.194,-100,0.569187749,175420.4776
MansiBeautyFitness,Instagram,3940000,84610,0,9864,6762959,37112,0,197920,1964293,Stream Highlight,04-03-2025,8461000.25,196429200,0,121241920.1
MansiBeautyQueen,Instagram,3434642,115461,0,14847,8100667,8856,1656,12867,0,Reel ,04-03-2025,11546100.43,-100,18.69918699,4618380.173
PoojaLifestyle07,Youtube,2040000,82048,0,0,0,8196,812,82056.5,0,Stories,04-03-2025,8204800,-100,9.90727184,3281860
RahulGamerDanceee,Instagram,1362959,99758,1644,11653,3755000,46803,0,13172,2438640,Story+Reel,03-02-2025,10140200.85,243863900,0,150374420.3
MansiBeautyQueen,Instagram,2082500,114644,1639,10321,0,57663,316,82056.5,623083,Reel ,03-02-2025,11628300.5,62308200,0.548011723,42036240.2
AnanyaVlogs07,Tiktok,4811000,42760,4250,0,1702000,48169,2524,82056.5,0,carousel ,03-02-2025,4701000,-100,5.239884573,1880340
PriyaVibes_official,YouTube,1720000,0,4884,0,4400000,16718,0,82056.5,659528,reel,01-01-2025,488400,65952700,0,39766980
RajTravelInsta,YouTube,3112482,111350,3011,16329,0,35678,0,19077,0,Carousel,03-09-2025,11436100.52,-100,0,4574380.21
TanyaDanceQueen,Linkedin,1277556,52483,4840,4297,0,1924,229,95228,3273165,Stream Highlight,03-09-2025,5732300.336,327316400,11.9022869,198682760.1
KabirTechVlogs,Facebook,4310297,11621,4681,3751,8000000,16632,0,44775,166294,Reel+Post,03-03-2025,1630200.087,16629300,0,10629660.03
KaranFitnessInsta,YouTube,4057694,122320,3057,0,4600000,26116,1169,112218,0,Stream Highlight,03-05-2025,12537700,-100,4.476183183,5015020
ArjunVlogsVlogs,Instagram,1049254,29185,577,5768,6896000,59720,0,226154,3012773,Story+Reel,03-05-2025,2976200.55,301277200,0,181956800.2
SaraTravelDiariesQueen,Instagram,1332000,91113,4718,17620,6449000,13718,325,248436,1188527,Story,03-05-2025,9583101.323,118852600,2.369150022,75144800.53
NehaFoodieInsta,Facebook,2280320,0,0,11651,3597000,20226,717,18308,3224676,Reels+Post,03-09-2025,0.510937061,322467500,3.544942154,193480500.2
RajTravel,Tiktok,3577000,30702,5014,13736,0,39800,0,192765,0,Video,03-09-2025,3571600.384,-100,0,1428580.154
AmitCricket ,Instagram,5182320,122468,1134,11092,1778000,58780,1689,82056.5,0,Reels+Post,03-09-2025,12360200.21,-100,2.873426335,4944020.086
NehaFoodieInsta,TikTok,2089941,0,5018,0,0,51907,353,82056.5,4363794,Story+Reel,09-01-2025,501800,436379300,0.680062419,262028300
MansiBeauty ,Tiktok,1295258,59821,6373,4488,1013303,2297,2227,51459,2083934,shorts ,09-01-2025,6619400.346,208393300,96.9525468,127683740.1
TechBitArvind ,Instagram,4840000,56833,4173,14508,2819899,47165,312,325962,1643071,Long Video ,09-01-2025,6100600.3,164307000,0.661507474,101024440.1
TanyaDance,YouTube,1801546,0,2946,8141,6900000,9850,1376,108783,0,Carousel,03-12-2025,294600.4519,-100,13.96954315,117780.1808
DeepakMotivationInsta,YouTube,1041142,24823,0,2105,0,54568,0,49813,3972113,Carousell,07-03-2025,2482300.202,397211200,0,239319640.1
SnehaDance.xo,Facebook,1760000,111619,5294,0,6110000,56960,1632,276416,0,NaN ,03-04-2025,11691300,-100,2.865168539,4676460
PoojaLifestyle.xo,TikTok,299758,1800,5425,7245,5200000,18638,283,200604,554254,reel ,03-04-2025,722502.4169,55425300,1.518403262,33544180.97
TanyaDance,Linkedin,900000,111206,0,7163,4600000,54240,0,82056.5,0,Reels+Post,03-11-2025,11120600.8,-100,0,4448180.318
SiddharthTravelInsta,Instagram,4088561,26083,1444,14846,0,14844,2250,82056.5,3378833,Video,03-11-2025,2752700.363,337883200,15.15763945,203831000.1
VikramTechInsta,Instagram,4497940,0,6482,0,570000,19098,2708,110859,1096212,long video ,03-07-2025,648200,109621100,14.17949524,66031940
RahulGamer.xo,YouTube,2798919,48950,5430,17578,954000,11629,631,249316,1837709,Story+Reel ,03-07-2025,5438000.628,183770800,5.426089948,112437680.3
AnanyaVlogsQueen,Linkedin,1425716,98611,4717,8898,0,40160,620,82056.5,0,Long Video,03-07-2025,10332800.62,-100,1.543824701,4133060.25
TechBitArvindQueen,Instagram,420000,58025,1890,11180,1163000,41090,2779,116142,3206527,Highlight,03-03-2025,5991502.662,320652600,6.763202726,194788161.1
AmitCricket07,YouTube,2900775,0,1736,0,0,2226,432,89095,0,Stream Highlight,03-02-2025,173600,-100,19.40700809,69380
RahulGamer,YouTube,4270000,106067,2494,11837,0,10312,475,218974,2904064,reel,03-02-2025,10856100.28,290406300,4.606283941,178586220.1
FitAnkitVlogs,Facebook,5060956,105788,4684,0,1600000,30495,2269,209475,0,Story,03-02-2025,11047200,-100,7.440564027,4418820
SnehaDanceFitness,Tiktok,609505,21938,2063,9019,5377000,38958,2705,45729,0,Carousel,03-10-2025,2400101.48,-100,6.943374917,959980.5919
AmitCricket_official,TikTok,4019000,93337,5910,12081,0,44722,731,242347,0,Highlight,03-05-2025,9924700.301,-100,1.634542283,3969820.12
RahulGamerInsta,Linkedin,2608000,54799,5889,6215,5243648,43245,0,209633,1838217,Reel+Post,03-07-2025,6068800.238,183821600,0,112720480.1
GamerVikramInsta,YouTube,2489000,11052,4288,14754,2163000,24176,1364,255201,1259527,Reel+Post,03-05-2025,1534000.593,125952600,5.641958968,76185160.24
SHALINIFASHIONQUEEN ,Facebook,5129552,103884,4581,14878,4224344,47412,0,187924,0,Carousell,03-05-2025,10846500.29,-100,0,4338540.116
AmitCricketInsta,Instagram,4990000,38665,0,7635,4605000,31498,0,82056.5,1036064,Reel ,03-08-2025,3866500.153,103606300,0,63710380.06
RajTravel,Instagram,1091000,0,2455,2833,0,3645,1321,181892,4207413,Story,03-12-2025,245500.2597,420741200,36.24142661,252542920.1
RajTravelVlogs,Facebook,4745159,120685,3548,16000,4200000,17475,0,82056.5,2955756,Carousel,03-12-2025,12423300.34,295575500,0,182314620.1
TanyaDanceInsta,Facebook,2403000,71665,3012,17761,0,8339,0,178950,3138608,Carousell,03-12-2025,7467700.739,313860700,0,191303500.3
SaraTravelDiaries.xo,TikTok,4920000,0,0,0,6435757,17283,0,227996,2904660,Reel+Post,03-10-2025,0,290465900,0,174279540
PoojaLifestyleVlogs,Facebook,1315972,80330,2183,0,0,3451,383,159884,692878,Reel ,03-02-2025,8251300,69287700,11.0982324,44873140
KaranFitnessFitness,YouTube,4790000,119293,6357,8697,8300000,40983,0,210558,2691664,Highlight,03-02-2025,12565000.18,269166300,0,166525780.1
DeepakMotivationInsta,YouTube,745327,29502,5685,15857,3764000,17655,1460,228736,2155378,Post,03-02-2025,3518702.128,215537700,8.269612008,130730100.9
KaranFitnessDanceee,Instagram,2181688,18473,0,16639,4100000,60217,730,62262,4058459,Carousell,03-06-2025,1847300.763,405845800,1.212282246,244246400.3
MansiBeautyVlogs,Facebook,172000,100716,4802,4421,6600000,19979,544,79639,1226503,Carousell,11-03-2025,10551802.57,122650200,2.722859002,77810841.03
PriyaVibesVlogs,Facebook,1318000,115529,2924,307,5928310,48816,1062,316554,1414799,Live Stream,03-08-2025,11845300.02,141479800,2.175516224,89626000.01
RohanFitness,Linkedin,2700000,0,2413,17890,7814153,28125,504,329597,0,shorts,03-08-2025,241300.6626,-100,1.792,96460.26504
RiyaMakeupVlogs,Tiktok,1981788,99970,5648,17376,8108000,36774,0,189066,3437914,Stream Highlight,02-03-2025,10561800.88,343791300,0,210499500.4
SnehaDanceInsta,Tiktok,4935678,8778,3459,3908,0,46608,618,82056.5,0,Story ,02-03-2025,1223700.079,-100,1.325952626,489420.0317
FitAnkit,Instagram,2466000,16422,2944,13293,0,39541,2540,134398,0,Long Video,02-03-2025,1936600.539,-100,6.423712096,774580.2156
RAHULGAMER  ,Youtube,960000,68993,2815,4282,4238000,52527,412,242722,3165628,Live Stream,03-01-2025,7180800.446,316562700,0.78435852,192809940.2
SiddharthTravel_official,YouTube,2324094,74241,0,17383,5761529,45806,1407,82056.5,0,Highlight,12-03-2025,7424100.748,-100,3.071650002,2969580.299
KaranFitness ,Facebook,230000,117453,0,0,4623887,46354,0,73975,4457979,Video,06-03-2025,11745300,445797800,0,272176800
SiddharthTravel_official,TikTok,3570000,57481,1760,9734,6681000,44228,1946,330234,3932529,Long Video ,03-09-2025,5924100.273,393252800,4.399927648,238321320.1
VikramTechFitness,Facebook,1468834,117590,3151,15232,0,6391,1393,64377,2879231,Story+Reel,03-03-2025,12074101.04,287923000,21.79627601,177583440.4
VikramTech.xo,Facebook,4373945,60051,1515,5197,6568704,18281,0,82056.5,413113,Highlight,03-03-2025,6156600.119,41311200,0,27249360.05
ARJUNVLOGS_OFFICIAL ,Facebook,920000,61962,842,0,0,15747,2436,82056.5,0,story+reel,03-03-2025,6280400,-100,15.46961326,2512100
VikramTech07,Linkedin,469209,17555,417,16314,3354621,30666,2295,290799,0,Reel ,02-03-2025,1797203.477,-100,7.483858345,718821.3908
KaranFitness07,Linkedin,3293000,26556,3230,3276,6700000,20508,2449,67449,0,Long Video,02-03-2025,2978600.099,-100,11.9416813,1191380.04
ArjunVlogsVlogs,Instagram,1740000,42243,0,0,0,45822,1560,82056.5,3863055,Stories,02-03-2025,4224300,386305400,3.404478198,233472960
TanyaDance.xo,YouTube,1320000,65708,5645,7348,7881000,61397,2824,270998,0,Carousel,02-03-2025,7135300.557,-100,4.599573269,2854060.223
SNEHADANCEVLOGS ,Facebook,1520000,114814,0,12250,0,16411,2846,82056.5,3583195,Story ,02-03-2025,11481400.81,358319400,17.34202669,219584200.3
KaranFitness07,Tiktok,1487690,35938,0,1709,5604808,44716,0,82056.5,4345280,Story+Reel,02-03-2025,3593800.115,434527900,0,262154260
DeepakMotivation.xo,Instagram,3293000,38141,1493,9527,0,52653,1135,82056.5,0,carousel ,02-03-2025,3963400.289,-100,2.155622662,1585300.116
RahulGamer_official,Instagram,1219475,0,857,0,7900000,39974,922,55310,3018969,Live Stream,03-11-2025,85700,301896800,2.306499224,181172360
TechBitArvindInsta,Tiktok,65000,15465,0,1803,4000000,60038,995,140062,841982,Stream Highlight,03-03-2025,1546502.774,84198100,1.65728372,51137461.11
SaraTravelDiaries,Facebook,3505000,27411,349,6183,2817000,18805,0,202527,3442141,Live Stream ,03-03-2025,2776000.176,344214000,0,207638800.1
VikramTechQueen,Tiktok,740000,96966,6425,0,700000,53352,0,82056.5,2470989,Reels+Post,03-03-2025,10339100,247098800,0,152394920
RituFoodDanceee,Instagram,2880000,0,5835,5414,3964367,29638,1999,82056.5,2287041,Post,03-01-2025,583500.188,228704000,6.744719617,137455800.1
PriyaVibesInsta,Instagram,4420000,69213,2974,5307,3176812,13525,0,173877,510332,Video ,03-01-2025,7218700.12,51033100,0,33507340.05
SaraTravelDiaries07,Instagram,3250000,14520,6407,13011,1200000,58863,1546,82056.5,2433983,Long Video,03-02-2025,2092700.4,243398200,2.62643766,146876000.2
NehaFoodie.xo,YouTube,2105000,95084,0,12139,1500000,50053,1016,283446,0,long video,03-04-2025,9508400.577,-100,2.029848361,3803300.231
FitAnkitDanceee,Youtube,3002742,6494,4151,435,0,49723,2199,288218,2124123,Post,03-04-2025,1064500.014,212412200,4.422500654,127873120
VikramTech_official,TikTok,4555832,23673,5432,12684,8470000,46322,2165,121963,1473488,Reel ,04-03-2025,2910500.278,147348700,4.673805103,89573420.11
GamerVikramVlogs,Tiktok,1013000,11019,1373,9469,900000,8894,1940,138594,0,reel,03-10-2025,1239200.935,-100,21.81245784,495620.3739
RIYAMAKEUP ,Facebook,4300000,113674,1362,12101,0,25472,1553,82056.5,0,Stories,03-10-2025,11503600.28,-100,6.096890704,4601380.113
FitAnkitInsta,Instagram,3840000,94004,2848,1633,0,10521,2812,331384,2921540,Reel ,03-10-2025,9685200.043,292153900,26.72749739,179166420
ShaliniFashion.xo,Instagram,1086000,58749,519,7789,7900000,26224,857,338213,3103851,carousel ,04-01-2025,5926800.717,310385000,3.26799878,188601720.3
AnanyaVlogsVlogs,Instagram,3336000,0,2394,14061,1900000,2016,0,82056.5,0,Reel ,04-01-2025,239400.4215,-100,0,95700.1686
PRIYAVIBES  ,Instagram,4378000,0,3994,0,1700000,13619,0,82056.5,2557088,Post,04-01-2025,399400,255708700,0,153584980
RohanFitness,Linkedin,4907860,111052,4890,0,0,28220,0,82056.5,0,story+reel,04-01-2025,11594200,-100,0,4637620
PriyaVibesFitness,Instagram,3967348,52468,1040,0,7143000,24197,0,82056.5,0,Reel ,03-01-2025,5350800,-100,0,2140260
SnehaDance.xo,Instagram,4884000,0,2483,3398,2768683,45407,957,264893,0,Live Stream,03-01-2025,248300.0696,-100,2.107604554,99260.02783
TanyaDance_official,Facebook,1296006,29235,0,0,4681000,48713,2137,321175,4352060,Video,03-11-2025,2923500,435205900,4.386919303,262292940
GamerVikram.xo,YouTube,4417275,117304,691,3713,3380000,35856,520,82056.5,0,Stories,03-11-2025,11799500.08,-100,1.450245426,4719740.034
KabirTechInsta,Instagram,3263000,102657,4158,18455,2249966,33869,1721,229656,793564,Story,03-07-2025,10681500.57,79356300,5.081342821,51886380.23
FitAnkit07,YouTube,2423894,123808,6340,0,0,49172,57,82056.5,1605716,Short,03-11-2025,13014800,160571500,0.115919629,101548820
RajTravelVlogs,Youtube,3166000,53826,4183,9410,0,22416,1720,47572,2697133,Story,03-11-2025,5800900.297,269713200,7.67309065,164148280.1
NehaFoodieInsta,YouTube,4377636,66504,0,9525,4304000,3023,0,83731,534313,long video,03-11-2025,6650400.218,53431200,0,34718880.09
ShaliniFashion_official,YouTube,4471532,4740,2726,9550,1106753,6847,0,178500,3610252,shorts ,03-01-2025,746600.2136,361025100,0,216913700.1
VIKRAMTECHQUEEN ,Youtube,1950000,44938,2611,14952,0,42951,1205,13696,0,shorts,03-12-2025,4754900.767,-100,2.805522572,1901900.307
SHALINIFASHIONVLOGS ,Tiktok,3510000,0,4902,9278,1200000,21988,903,82056.5,4368355,Stream Highlight,03-05-2025,490200.2643,436835400,4.106785519,262297320.1
MeeraBeautyInsta,Instagram,1880000,44510,3493,10394,0,37149,2138,65238,3754820,Long Video,03-09-2025,4800300.553,375481900,5.755202024,227209260.2
AmitCricketFitness,Facebook,1115562,114193,5365,684,0,30322,1800,134551,3041706,Reel+Post,03-03-2025,11955800.06,304170500,5.936283886,187284620
AnanyaVlogs.xo,TikTok,1513412,88379,0,4772,4741000,9531,1358,216104,2770962,Long Video,03-12-2025,8837900.315,277096100,14.24824258,169792820.1
RahulGamer,Facebook,3817913,0,4543,17901,0,14298,2563,16069,1635634,Live Stream ,03-10-2025,454300.4689,163563300,17.925584,98319700.19
SnehaDanceQueen,Instagram,1367579,55446,5219,8819,7762423,10676,2453,127512,4015241,Reel+Post,06-03-2025,6066500.645,401524000,22.97677033,243341000.3
RohanFitness,Instagram,3778000,79509,243,16149,2466546,6207,746,79778,477477,Stories ,03-08-2025,7975200.427,47747600,12.01868858,31838640.17
TechBitArvindFitness,YouTube,4308000,96184,0,6079,4952130,53259,1828,82056.5,274638,Highlight,01-01-2025,9618400.141,27463700,3.432283745,20325580.06
TanyaDance_official,Facebook,5067140,0,1815,14038,7976553,58898,746,210462,1692033,Highlight,03-06-2025,181500.277,169203200,1.266596489,101594520.1
MansiBeautyQueen,Instagram,1793000,54513,4242,14486,2171000,33863,0,65932,1523840,Story+Reel ,03-06-2025,5875500.808,152383900,0,93780540.32
ShaliniFashionFitness,Instagram,3766630,95237,1999,853,6650277,29380,2441,82056.5,0,Stream Highlight,03-06-2025,9723600.023,-100,8.308373043,3889380.009
RiyaMakeup07,Tiktok,3388998,35028,5741,11115,2800000,40754,2845,189176,3567631,Carousell,03-06-2025,4076900.328,356763000,6.980909849,215688560.1
KaranFitnessVlogs,Instagram,1633136,113143,1082,17663,7734896,25391,2051,217389,190001,Story+Reel,03-11-2025,11422501.08,19000000,8.077665314,15969000.43
RohanFitness.xo,Linkedin,4096000,0,5237,7643,5359000,48718,2828,82056.5,1781492,Reels+Post,03-11-2025,523700.1866,178149100,5.804835995,107098940.1
KaranFitness,Tiktok,4264000,5963,0,8889,476000,24383,448,150065,705171,shorts,03-11-2025,596300.2085,70517000,1.837345692,42548720.08
PriyaVibes ,YouTube,4285259,91704,5565,0,3300000,10989,2382,82056.5,0,Long Video,03-06-2025,9726900,-100,21.67622168,3890700
VikramTech_official,YouTube,714273,20570,0,14907,700000,53019,1958,240667,1376530,Video,03-06-2025,2057002.087,137652900,3.693015711,83414540.83
AnanyaVlogsFitness,Facebook,234000,98280,0,14201,1700000,25145,2195,236710,1298806,Post,03-08-2025,9828006.069,129880500,8.729369656,81859502.43
AmitCricket_official,TikTok,4019550,41913,1187,9899,0,5525,1944,313948,0,Reel ,03-05-2025,4310000.246,-100,35.18552036,1723940.099
GamerVikramDanceee,Facebook,2650000,117342,298,3408,800000,12760,2833,231249,982959,0,03-05-2025,11764000.13,98295800,22.20219436,63683080.05
AmitCricket.xo,Linkedin,4942000,113340,6363,14486,6173784,18804,521,82056.5,0,carousel ,03-05-2025,11970300.29,-100,2.770687088,4788060.117
NehaFoodie_official,YouTube,1577817,120788,6331,0,2400000,21468,1691,317408,3859072,Live Stream,03-05-2025,12711900,385907100,7.876839948,236629020
SnehaDanceFitness,YouTube,1115707,112861,1950,8058,2042538,15490,2748,62360,0,story+reel,10-01-2025,11481100.72,-100,17.74047773,4592380.289
SnehaDance_official,YouTube,3255022,18900,3023,16130,4600000,31449,1210,268544,2175158,Story+Reel,10-01-2025,2192300.496,217515700,3.847499126,131386340.2
RohanFitness ,Tiktok,704000,74356,3413,15136,5100000,19038,1678,177288,0,Reel ,10-01-2025,7776902.15,-100,8.813951045,3110700.86
TanyaDanceDanceee,YouTube,2718000,56165,2585,17955,4247491,58988,2482,346485,1453455,Long Video,03-01-2025,5875000.661,145345400,4.207635451,89557240.26
NehaFoodieInsta,Instagram,100000,5212,5796,0,6600000,9051,363,82056.5,0,Reel+Post,03-01-2025,1100800,-100,4.010606563,440260
FitAnkitDanceee,Instagram,86000,0,0,2770,0,54979,447,82056.5,0,Carousell,03-10-2025,3.220930233,-100,0.813037705,-58.71162791
RahulGamerVlogs,Tiktok,2260000,0,968,5826,0,31902,2007,82056.5,0,Stories,03-04-2025,96800.25779,-100,6.291141621,38660.10312
FITANKITDANCEEE ,Tiktok,1384074,80245,3875,4380,0,21382,0,178780,2197299,Highlight ,03-12-2025,8412000.316,219729800,0,135202680.1
AmitCricket_official,YouTube,4681000,34962,273,0,8331000,51233,2667,86678,0,Carousel,03-12-2025,3523500,-100,5.205629184,1409340
DeepakMotivation ,TikTok,2593210,59745,0,0,3300000,44089,0,212708,41084,Reel ,03-06-2025,5974500,4108300,0,4854780
AmitCricket ,Instagram,4475864,5499,3424,4465,0,42435,1771,117349,0,0,03-08-2025,892300.0998,-100,4.173441734,356860.0399
RITUFOOD ,Tiktok,4011000,111958,3603,17795,2187593,10051,399,324383,449641,long video,03-12-2025,11556100.44,44964000,3.969754253,31600840.18
GamerVikram ,Instagram,1368000,81984,1591,5461,5000000,43269,352,82056.5,4078622,Post ,03-07-2025,8357500.399,407862100,0.81351545,248060260.2
VikramTech ,Instagram,4021267,60981,4214,16049,4994000,44695,846,256824,3061461,Post ,03-06-2025,6519500.399,306146000,1.892829176,186295400.2
NehaFoodieInsta,Instagram,4855000,14245,2049,11058,2757000,49045,2731,301752,543653,0,03-05-2025,1629400.228,54365200,5.568355592,33270880.09
SaraTravelDiariesInsta,Instagram,3146000,28469,1281,15080,0,48512,0,332324,1506411,carousel  ,03-05-2025,2975000.479,150641000,0,91574600.19
PriyaVibesInsta,Instagram,10000,120365,3866,7570,1445000,51731,2612,19506,1310124,Reels+Post ,03-06-2025,12423175.7,131012300,5.049196807,83576650.28
RiyaMakeupFitness,Facebook,972000,45012,5285,12581,1767555,35902,2740,82519,540051,shorts,03-06-2025,5029701.294,54005000,7.631886803,34414880.52
MeeraBeauty.xo,Instagram,2929475,54893,277,9952,7041982,4279,2767,167893,1760153,Reel ,03-06-2025,5517000.34,176015200,64.66464127,107815920.1
AmitCricket,Youtube,4466777,81411,6408,1433,6754000,42371,1993,82056.5,0,Highlight,03-06-2025,8781900.032,-100,4.703688844,3512700.013
SaraTravelDiaries07,YouTube,4602000,19461,347,0,0,11729,1285,82056.5,1700152,Reel ,03-07-2025,1980800,170015100,10.9557507,102801380
RohanFitnessQueen,Tiktok,2931188,0,1694,4588,4900000,23748,805,82056.5,0,long video,03-01-2025,169400.1565,-100,3.389759138,67700.06261
RITUFOOD  ,Instagram,4983087,86351,6446,10495,7378316,38687,1109,55909,302297,Stream Highlight,03-01-2025,9279700.211,30229600,2.866596014,21849640.08
AnanyaVlogsVlogs,Linkedin,2840000,0,650,0,0,5381,2106,82056.5,0,Reel+Post,03-12-2025,65000,-100,39.13770675,25940
KabirTech_official,Instagram,4054076,49838,0,15056,5455706,3067,2287,82056.5,0,Story+Reel,03-06-2025,4983800.371,-100,74.56798174,1993460.149
PoojaLifestyle ,Facebook,3840000,0,1018,5566,5369000,7973,1124,76239,1387895,Long Video ,03-10-2025,101800.1449,138789400,14.09757933,83314360.06
DeepakMotivation,Facebook,48284,13151,4909,13378,3131000,22808,2233,82056.5,4091075,0,03-10-2025,1806027.707,409107400,9.790424412,246186851.1
RiyaMakeupInsta,TikTok,1260000,80990,1357,5052,842528,3137,213,256339,2998364,Reels+Post,03-02-2025,8234700.401,299836300,6.789926682,183195660.2
GamerVikramDanceee,YouTube,2550826,105878,1935,719,2571302,27409,2305,66948,1798981,Video,03-02-2025,10781300.03,179898000,8.409646466,112251320
AmitCricket.xo,Linkedin,4720172,0,4066,8748,2357000,21563,2828,236741,0,Carousel,03-07-2025,406600.1853,-100,13.1150582,162580.0741
FitAnkitQueen,Tiktok,2934339,15709,5034,17754,4288327,19880,0,314416,1858143,Video,03-07-2025,2074300.605,185814200,0,112318240.2
PoojaLifestyleQueen,Instagram,3171848,41330,2240,12309,3444000,48335,2022,87691,0,Reels+Post,03-11-2025,4357000.388,-100,4.183304024,1742740.155
RituFoodInsta,Linkedin,2435406,45027,6044,12421,2700000,10790,795,82056.5,0,Reel ,03-11-2025,5107100.51,-100,7.367933272,2042780.204
GamerVikram,Instagram,3449733,38303,5009,9710,1426000,50403,228,82056.5,2954577,Carousell,03-11-2025,4331200.281,295457600,0.452354027,179007040.1
GamerVikramInsta,Facebook,4140000,32042,3869,0,8099178,59145,0,82056.5,0,Carousell,03-11-2025,3591100,-100,0,1436380
ArjunVlogsFitness,Facebook,844000,54272,5109,10802,6573000,30093,1086,44518,354052,story+reel,03-11-2025,5938101.28,35405100,3.608812681,23618300.51
DEEPAKMOTIVATION_OFFICIAL ,Facebook,4217295,102798,5735,13772,2594927,58821,0,82056.5,3961153,Story+Reel,03-11-2025,10853300.33,396115200,0,242010440.1
SaraTravelDiaries07,Instagram,260000,0,459,11046,7400000,34312,1429,125993,0,Stories,03-11-2025,45904.24846,-100,4.164723712,18301.69938
